<?xml version="1.0" encoding="UTF-8"?>
<osm version="0.6" generator="Overpass API 0.7.62.11 87bfad18">
<note>The data included in this document is from www.openstreetmap.org. The data is made available under ODbL.</note>
<meta osm_base="2026-09-22T08:45:51Z"/>

  <node id="187845813" lat="44.9519024" lon="-93.0406118">
    <tag k="highway" v="motorway_junction"/>
    <tag k="noref" v="yes"/>
  </node>
  <node id="187845818" lat="44.9520783" lon="-93.0403193"/>
  <node id="187845824" lat="44.9521221" lon="-93.0400275"/>
  <node id="187845828" lat="44.9521484" lon="-93.0396763"/>
  <node id="187845835" lat="44.9521607" lon="-93.0384887"/>
  <node id="187845837" lat="44.9521662" lon="-93.0380898"/>
  <node id="187845838" lat="44.9521620" lon="-93.0370920"/>
  <node id="187845839" lat="44.9521480" lon="-93.0361260"/>
  <node id="187845840" lat="44.9521200" lon="-93.0351610"/>
  <node id="187845841" lat="44.9520950" lon="-93.0346240"/>
  <node id="187845842" lat="44.9520515" lon="-93.0341921"/>
  <node id="187845843" lat="44.9519501" lon="-93.0330129"/>
  <node id="187846203" lat="44.9531277" lon="-93.0831249"/>
  <node id="187846204" lat="44.9531717" lon="-93.0832259"/>
  <node id="187846205" lat="44.9531949" lon="-93.0833215"/>
  <node id="187846207" lat="44.9531867" lon="-93.0834737"/>
  <node id="187846208" lat="44.9531617" lon="-93.0835542"/>
  <node id="187846209" lat="44.9531188" lon="-93.0836749"/>
  <node id="187846210" lat="44.9530362" lon="-93.0838971"/>
  <node id="187846211" lat="44.9528913" lon="-93.0843811"/>
  <node id="187846213" lat="44.9528293" lon="-93.0846875"/>
  <node id="187846215" lat="44.9527768" lon="-93.0849965"/>
  <node id="187846217" lat="44.9527320" lon="-93.0852220"/>
  <node id="187846218" lat="44.9527140" lon="-93.0852760"/>
  <node id="187846219" lat="44.9526781" lon="-93.0853398"/>
  <node id="187846220" lat="44.9526326" lon="-93.0853935"/>
  <node id="187846222" lat="44.9525794" lon="-93.0854257"/>
  <node id="187846224" lat="44.9525187" lon="-93.0854364"/>
  <node id="187846225" lat="44.9524579" lon="-93.0854471"/>
  <node id="187846226" lat="44.9523820" lon="-93.0854364"/>
  <node id="187846227" lat="44.9523213" lon="-93.0853881"/>
  <node id="187846232" lat="44.9522605" lon="-93.0853237"/>
  <node id="187846233" lat="44.9522112" lon="-93.0852165"/>
  <node id="187846235" lat="44.9521918" lon="-93.0851487"/>
  <node id="187846237" lat="44.9521896" lon="-93.0850273"/>
  <node id="187846239" lat="44.9522105" lon="-93.0849190"/>
  <node id="187846349" lat="44.9490861" lon="-92.9929358"/>
  <node id="187846351" lat="44.9487021" lon="-92.9900409"/>
  <node id="187846352" lat="44.9486653" lon="-92.9897530"/>
  <node id="187846353" lat="44.9486339" lon="-92.9894865"/>
  <node id="187846355" lat="44.9486152" lon="-92.9892756"/>
  <node id="187846356" lat="44.9486022" lon="-92.9889665"/>
  <node id="187846357" lat="44.9484898" lon="-92.9875270">
    <tag k="highway" v="motorway_junction"/>
    <tag k="ref" v="246C-B"/>
  </node>
  <node id="187846393" lat="44.9539730" lon="-93.0801457"/>
  <node id="187846397" lat="44.9531527" lon="-93.0817787"/>
  <node id="187846398" lat="44.9529679" lon="-93.0823380"/>
  <node id="187846785" lat="44.9491551" lon="-92.9935024"/>
  <node id="187847103" lat="44.9542788" lon="-93.0786585"/>
  <node id="187847105" lat="44.9543706" lon="-93.0783836"/>
  <node id="187847107" lat="44.9544767" lon="-93.0780174"/>
  <node id="187847109" lat="44.9545466" lon="-93.0777613"/>
  <node id="187847114" lat="44.9547166" lon="-93.0770972"/>
  <node id="187847116" lat="44.9550246" lon="-93.0757810"/>
  <node id="187847125" lat="44.9551527" lon="-93.0755317"/>
  <node id="187847126" lat="44.9552054" lon="-93.0754528"/>
  <node id="187847130" lat="44.9553235" lon="-93.0752932"/>
  <node id="187847133" lat="44.9553939" lon="-93.0752124"/>
  <node id="187847136" lat="44.9556579" lon="-93.0748880"/>
  <node id="187847138" lat="44.9558442" lon="-93.0746725"/>
  <node id="187847140" lat="44.9559236" lon="-93.0745632"/>
  <node id="187847594" lat="44.9488420" lon="-92.9995360"/>
  <node id="187847596" lat="44.9488790" lon="-92.9996120"/>
  <node id="187847597" lat="44.9489120" lon="-92.9996530"/>
  <node id="187847599" lat="44.9489600" lon="-92.9996880"/>
  <node id="187847601" lat="44.9490140" lon="-92.9997050"/>
  <node id="187847603" lat="44.9490680" lon="-92.9997010"/>
  <node id="187847605" lat="44.9491200" lon="-92.9996770"/>
  <node id="187847607" lat="44.9491660" lon="-92.9996350"/>
  <node id="187847609" lat="44.9491860" lon="-92.9996080"/>
  <node id="187847612" lat="44.9492185" lon="-92.9995262"/>
  <node id="187847614" lat="44.9492715" lon="-92.9985064"/>
  <node id="187847616" lat="44.9492792" lon="-92.9979051"/>
  <node id="187847618" lat="44.9492729" lon="-92.9977910"/>
  <node id="187847620" lat="44.9492538" lon="-92.9975004"/>
  <node id="187847623" lat="44.9492690" lon="-92.9970586"/>
  <node id="187847624" lat="44.9491285" lon="-93.0013365"/>
  <node id="187847636" lat="44.9515121" lon="-93.0687306"/>
  <node id="187847638" lat="44.9514987" lon="-93.0685257"/>
  <node id="187847639" lat="44.9515018" lon="-93.0683953"/>
  <node id="187847641" lat="44.9515289" lon="-93.0681769"/>
  <node id="187847643" lat="44.9516693" lon="-93.0674745"/>
  <node id="187847645" lat="44.9517073" lon="-93.0672256"/>
  <node id="187847647" lat="44.9517192" lon="-93.0671206"/>
  <node id="187847649" lat="44.9517317" lon="-93.0669732"/>
  <node id="187847650" lat="44.9517410" lon="-93.0668121"/>
  <node id="187847651" lat="44.9517446" lon="-93.0666820"/>
  <node id="187847653" lat="44.9517413" lon="-93.0652357"/>
  <node id="187847654" lat="44.9517607" lon="-93.0626608"/>
  <node id="187847747" lat="44.9506310" lon="-93.0252280">
    <tag k="highway" v="traffic_signals"/>
  </node>
  <node id="187847749" lat="44.9510420" lon="-93.0236420"/>
  <node id="187847751" lat="44.9511450" lon="-93.0231210"/>
  <node id="187847755" lat="44.9512626" lon="-93.0221964"/>
  <node id="187847759" lat="44.9513271" lon="-93.0281023">
    <tag k="highway" v="motorway_junction"/>
    <tag k="ref" v="245"/>
  </node>
  <node id="187847761" lat="44.9512159" lon="-93.0273684"/>
  <node id="187847762" lat="44.9511790" lon="-93.0270740"/>
  <node id="187847763" lat="44.9511190" lon="-93.0268170"/>
  <node id="187847764" lat="44.9510460" lon="-93.0265670"/>
  <node id="187847765" lat="44.9509730" lon="-93.0263590"/>
  <node id="187847766" lat="44.9508100" lon="-93.0259524"/>
  <node id="187847767" lat="44.9507140" lon="-93.0256780"/>
  <node id="187847769" lat="44.9506550" lon="-93.0254620"/>
  <node id="187848014" lat="44.9531068" lon="-93.0822856"/>
  <node id="187848806" lat="44.9576611" lon="-93.0918535"/>
  <node id="187848812" lat="44.9583610" lon="-93.0913230"/>
  <node id="187848814" lat="44.9584850" lon="-93.0912390"/>
  <node id="187848818" lat="44.9585880" lon="-93.0911870"/>
  <node id="187848898" lat="44.9500393" lon="-92.9990324"/>
  <node id="187848899" lat="44.9500106" lon="-92.9993236"/>
  <node id="187848901" lat="44.9499770" lon="-92.9996419"/>
  <node id="187848903" lat="44.9499595" lon="-92.9998693"/>
  <node id="187848905" lat="44.9499485" lon="-93.0002252"/>
  <node id="187848907" lat="44.9499555" lon="-93.0004643"/>
  <node id="187848908" lat="44.9499708" lon="-93.0007100"/>
  <node id="187848909" lat="44.9500435" lon="-93.0015008"/>
  <node id="187848910" lat="44.9500166" lon="-93.0018878"/>
  <node id="187849088" lat="44.9500944" lon="-93.0047197"/>
  <node id="187849089" lat="44.9499838" lon="-93.0040419"/>
  <node id="187849095" lat="44.9499173" lon="-93.0038055"/>
  <node id="187849096" lat="44.9498516" lon="-93.0036480"/>
  <node id="187849097" lat="44.9497780" lon="-93.0035480"/>
  <node id="187849098" lat="44.9496840" lon="-93.0034670"/>
  <node id="187849102" lat="44.9496090" lon="-93.0034220"/>
  <node id="187849105" lat="44.9494840" lon="-93.0033860"/>
  <node id="187849106" lat="44.9494020" lon="-93.0033920"/>
  <node id="187849107" lat="44.9493210" lon="-93.0034170"/>
  <node id="187849109" lat="44.9492460" lon="-93.0034630"/>
  <node id="187849111" lat="44.9491770" lon="-93.0035270"/>
  <node id="187849113" lat="44.9491180" lon="-93.0036070"/>
  <node id="187849115" lat="44.9490910" lon="-93.0036560"/>
  <node id="187849117" lat="44.9490540" lon="-93.0037600"/>
  <node id="187849118" lat="44.9490310" lon="-93.0038710"/>
  <node id="187849119" lat="44.9490210" lon="-93.0039860"/>
  <node id="187849120" lat="44.9490250" lon="-93.0041020"/>
  <node id="187849121" lat="44.9490430" lon="-93.0042150"/>
  <node id="187849123" lat="44.9490740" lon="-93.0043220"/>
  <node id="187849124" lat="44.9491170" lon="-93.0044200"/>
  <node id="187849126" lat="44.9491720" lon="-93.0045070"/>
  <node id="187849132" lat="44.9492130" lon="-93.0045570"/>
  <node id="187849138" lat="44.9492450" lon="-93.0045880"/>
  <node id="187849140" lat="44.9493940" lon="-93.0046850"/>
  <node id="187849141" lat="44.9495490" lon="-93.0047761"/>
  <node id="187849142" lat="44.9497033" lon="-93.0048257"/>
  <node id="187849143" lat="44.9498789" lon="-93.0048663"/>
  <node id="187849177" lat="44.9549830" lon="-93.0781701"/>
  <node id="187849179" lat="44.9551306" lon="-93.0777935"/>
  <node id="187849182" lat="44.9553079" lon="-93.0773088"/>
  <node id="187849184" lat="44.9553960" lon="-93.0770510"/>
  <node id="187849186" lat="44.9554770" lon="-93.0767410"/>
  <node id="187849188" lat="44.9555300" lon="-93.0765322"/>
  <node id="187849190" lat="44.9555759" lon="-93.0763239"/>
  <node id="187849193" lat="44.9557014" lon="-93.0756626"/>
  <node id="187849195" lat="44.9557367" lon="-93.0754907"/>
  <node id="187849197" lat="44.9557717" lon="-93.0753446"/>
  <node id="187849199" lat="44.9558156" lon="-93.0751966"/>
  <node id="187849201" lat="44.9558836" lon="-93.0749911"/>
  <node id="187849203" lat="44.9560055" lon="-93.0746829"/>
  <node id="187849464" lat="44.9506527" lon="-93.0410827"/>
  <node id="187849480" lat="44.9526321" lon="-93.0422034"/>
  <node id="187850189" lat="44.9484016" lon="-92.9907139">
    <tag k="highway" v="motorway_junction"/>
    <tag k="ref" v="247"/>
  </node>
  <node id="187850191" lat="44.9482416" lon="-92.9894597"/>
  <node id="187850193" lat="44.9481988" lon="-92.9888838"/>
  <node id="187850194" lat="44.9481455" lon="-92.9884928"/>
  <node id="187850195" lat="44.9480963" lon="-92.9882283"/>
  <node id="187850196" lat="44.9480290" lon="-92.9878914"/>
  <node id="187850197" lat="44.9479372" lon="-92.9874165"/>
  <node id="187850200" lat="44.9476828" lon="-92.9856831">
    <tag k="highway" v="traffic_signals"/>
  </node>
  <node id="187850204" lat="44.9477288" lon="-92.9854232">
    <tag k="highway" v="traffic_signals"/>
  </node>
  <node id="187850511" lat="44.9541330" lon="-93.0889508"/>
  <node id="187850529" lat="44.9540950" lon="-93.0415300"/>
  <node id="187850530" lat="44.9540480" lon="-93.0412480"/>
  <node id="187850531" lat="44.9539760" lon="-93.0409150"/>
  <node id="187850533" lat="44.9538870" lon="-93.0405910"/>
  <node id="187850535" lat="44.9537820" lon="-93.0402770"/>
  <node id="187850536" lat="44.9536750" lon="-93.0400070"/>
  <node id="187850538" lat="44.9535560" lon="-93.0397470"/>
  <node id="187850539" lat="44.9534490" lon="-93.0395210"/>
  <node id="187850541" lat="44.9533080" lon="-93.0391900"/>
  <node id="187850543" lat="44.9531940" lon="-93.0388820"/>
  <node id="187850545" lat="44.9530800" lon="-93.0385300"/>
  <node id="187850546" lat="44.9529720" lon="-93.0381340"/>
  <node id="187850548" lat="44.9528900" lon="-93.0377650"/>
  <node id="187850550" lat="44.9526830" lon="-93.0364330"/>
  <node id="187850728" lat="44.9518130" lon="-93.0841390"/>
  <node id="187850730" lat="44.9518817" lon="-93.0839035"/>
  <node id="187850731" lat="44.9519621" lon="-93.0836956"/>
  <node id="187850788" lat="44.9519640" lon="-93.0623944">
    <tag k="highway" v="motorway_junction"/>
    <tag k="ref" v="243"/>
  </node>
  <node id="187851195" lat="44.9541795" lon="-93.0940914"/>
  <node id="187851283" lat="44.9517889" lon="-93.0183640"/>
  <node id="187851287" lat="44.9518999" lon="-93.0151639"/>
  <node id="187851463" lat="44.9491909" lon="-93.0000854"/>
  <node id="187851466" lat="44.9491662" lon="-93.0005500"/>
  <node id="187851493" lat="44.9539970" lon="-93.0415610"/>
  <node id="187851495" lat="44.9539750" lon="-93.0414100"/>
  <node id="187851497" lat="44.9539380" lon="-93.0412650"/>
  <node id="187851499" lat="44.9538860" lon="-93.0411290"/>
  <node id="187851500" lat="44.9538390" lon="-93.0410340"/>
  <node id="187851501" lat="44.9537640" lon="-93.0409210"/>
  <node id="187851502" lat="44.9537010" lon="-93.0408470"/>
  <node id="187851504" lat="44.9536330" lon="-93.0407820"/>
  <node id="187851506" lat="44.9535350" lon="-93.0407130"/>
  <node id="187851507" lat="44.9534470" lon="-93.0406710"/>
  <node id="187851508" lat="44.9529100" lon="-93.0404770"/>
  <node id="187851510" lat="44.9526620" lon="-93.0403140"/>
  <node id="187851511" lat="44.9526317" lon="-93.0400017"/>
  <node id="187851512" lat="44.9525310" lon="-93.0401730"/>
  <node id="187851514" lat="44.9524360" lon="-93.0400350"/>
  <node id="187851516" lat="44.9523700" lon="-93.0399120"/>
  <node id="187851517" lat="44.9523130" lon="-93.0397800"/>
  <node id="187851519" lat="44.9522570" lon="-93.0396030"/>
  <node id="187851520" lat="44.9522250" lon="-93.0394560"/>
  <node id="187851521" lat="44.9522137" lon="-93.0393040"/>
  <node id="187851522" lat="44.9522060" lon="-93.0392030"/>
  <node id="187851523" lat="44.9521989" lon="-93.0386832"/>
  <node id="187851530" lat="44.9496400" lon="-93.0405610">
    <tag k="highway" v="motorway_junction"/>
  </node>
  <node id="187851539" lat="44.9526439" lon="-93.0408325"/>
  <node id="187852125" lat="44.9515838" lon="-93.0286301"/>
  <node id="187852128" lat="44.9515520" lon="-93.0277281"/>
  <node id="187852131" lat="44.9515511" lon="-93.0272582"/>
  <node id="187852148" lat="44.9514365" lon="-93.0221794">
    <tag k="highway" v="motorway_junction"/>
    <tag k="ref" v="245"/>
  </node>
  <node id="187852319" lat="44.9532080" lon="-93.0904992"/>
  <node id="187852865" lat="44.9506774" lon="-93.0084840">
    <tag k="highway" v="motorway_junction"/>
    <tag k="ref" v="246B"/>
  </node>
  <node id="187852866" lat="44.9499662" lon="-93.0054612"/>
  <node id="187852869" lat="44.9499347" lon="-93.0053418"/>
  <node id="187852871" lat="44.9499018" lon="-93.0052350"/>
  <node id="187852873" lat="44.9498789" lon="-93.0051675"/>
  <node id="187852875" lat="44.9498281" lon="-93.0050668"/>
  <node id="187852879" lat="44.9497895" lon="-93.0050267"/>
  <node id="187853307" lat="44.9509417" lon="-93.0093774"/>
  <node id="187853313" lat="44.9508481" lon="-93.0079822"/>
  <node id="187853314" lat="44.9508294" lon="-93.0077097"/>
  <node id="187853320" lat="44.9507505" lon="-93.0061152"/>
  <node id="187853322" lat="44.9507565" lon="-93.0057645">
    <tag k="highway" v="motorway_junction"/>
    <tag k="noref" v="yes"/>
  </node>
  <node id="187853434" lat="44.9514359" lon="-93.0196856">
    <tag k="highway" v="motorway_junction"/>
    <tag k="ref" v="246A"/>
  </node>
  <node id="187853438" lat="44.9513885" lon="-93.0193389"/>
  <node id="187853440" lat="44.9513654" lon="-93.0189470"/>
  <node id="187853441" lat="44.9513258" lon="-93.0186005"/>
  <node id="187853442" lat="44.9507834" lon="-93.0151475"/>
  <node id="187857677" lat="44.9521679" lon="-93.0696635"/>
  <node id="187871757" lat="44.9524250" lon="-93.0830721"/>
  <node id="187871759" lat="44.9524949" lon="-93.0829190"/>
  <node id="187871763" lat="44.9531103" lon="-93.0814345"/>
  <node id="187871764" lat="44.9532892" lon="-93.0810109"/>
  <node id="187871774" lat="44.9544269" lon="-93.0774874"/>
  <node id="187871778" lat="44.9545249" lon="-93.0769978"/>
  <node id="187871780" lat="44.9545818" lon="-93.0767007"/>
  <node id="187871782" lat="44.9546313" lon="-93.0764184"/>
  <node id="187871784" lat="44.9546834" lon="-93.0761180"/>
  <node id="187871787" lat="44.9547204" lon="-93.0758944"/>
  <node id="187871789" lat="44.9547561" lon="-93.0755598"/>
  <node id="187871790" lat="44.9547670" lon="-93.0752760"/>
  <node id="187871791" lat="44.9547638" lon="-93.0750080"/>
  <node id="187871793" lat="44.9547340" lon="-93.0746356"/>
  <node id="187871795" lat="44.9547072" lon="-93.0744470"/>
  <node id="187871796" lat="44.9546739" lon="-93.0742640"/>
  <node id="187871797" lat="44.9545868" lon="-93.0739096"/>
  <node id="187871799" lat="44.9545343" lon="-93.0737454"/>
  <node id="187871802" lat="44.9544691" lon="-93.0735659"/>
  <node id="187871804" lat="44.9544034" lon="-93.0734068"/>
  <node id="187871805" lat="44.9542443" lon="-93.0730886"/>
  <node id="187871806" lat="44.9540686" lon="-93.0728073"/>
  <node id="187871808" lat="44.9539827" lon="-93.0726931"/>
  <node id="187871814" lat="44.9534920" lon="-93.0721220"/>
  <node id="187871816" lat="44.9532980" lon="-93.0719060"/>
  <node id="187871817" lat="44.9531150" lon="-93.0716740"/>
  <node id="187871819" lat="44.9529420" lon="-93.0714260"/>
  <node id="187871821" lat="44.9527810" lon="-93.0711630"/>
  <node id="187871823" lat="44.9526320" lon="-93.0708860"/>
  <node id="187871824" lat="44.9524810" lon="-93.0705630"/>
  <node id="187871825" lat="44.9523600" lon="-93.0702600"/>
  <node id="187871827" lat="44.9522530" lon="-93.0699470"/>
  <node id="187871828" lat="44.9520810" lon="-93.0692960"/>
  <node id="187871829" lat="44.9520108" lon="-93.0688854"/>
  <node id="187871831" lat="44.9519647" lon="-93.0685247"/>
  <node id="187871833" lat="44.9519186" lon="-93.0678503"/>
  <node id="187871837" lat="44.9518954" lon="-93.0671556"/>
  <node id="187871839" lat="44.9518733" lon="-93.0662723"/>
  <node id="187871840" lat="44.9518512" lon="-93.0655700"/>
  <node id="187871841" lat="44.9518384" lon="-93.0650814"/>
  <node id="187871845" lat="44.9517405" lon="-93.0620668"/>
  <node id="187871847" lat="44.9517219" lon="-93.0611776"/>
  <node id="187871849" lat="44.9516863" lon="-93.0596958"/>
  <node id="187871851" lat="44.9516620" lon="-93.0579490"/>
  <node id="187871854" lat="44.9516620" lon="-93.0547310"/>
  <node id="187871855" lat="44.9516790" lon="-93.0538040"/>
  <node id="187871857" lat="44.9517070" lon="-93.0529940"/>
  <node id="187871859" lat="44.9517590" lon="-93.0519930"/>
  <node id="187871861" lat="44.9518452" lon="-93.0510573"/>
  <node id="187871863" lat="44.9519543" lon="-93.0499070"/>
  <node id="187871865" lat="44.9520114" lon="-93.0494112">
    <tag k="highway" v="motorway_junction"/>
    <tag k="ref" v="244"/>
  </node>
  <node id="187871869" lat="44.9520738" lon="-93.0488254"/>
  <node id="187871871" lat="44.9522130" lon="-93.0477220"/>
  <node id="187871872" lat="44.9524191" lon="-93.0456884"/>
  <node id="187871873" lat="44.9524695" lon="-93.0451598"/>
  <node id="187871874" lat="44.9525157" lon="-93.0445764"/>
  <node id="187871875" lat="44.9525785" lon="-93.0436467"/>
  <node id="187871876" lat="44.9526223" lon="-93.0425442"/>
  <node id="187871879" lat="44.9526451" lon="-93.0412812"/>
  <node id="187871880" lat="44.9526379" lon="-93.0403705"/>
  <node id="187871881" lat="44.9526050" lon="-93.0394630"/>
  <node id="187871882" lat="44.9525680" lon="-93.0386150"/>
  <node id="187871884" lat="44.9525180" lon="-93.0378070"/>
  <node id="187871886" lat="44.9524898" lon="-93.0373860"/>
  <node id="187871888" lat="44.9523880" lon="-93.0362807"/>
  <node id="187871889" lat="44.9522657" lon="-93.0352160"/>
  <node id="187871890" lat="44.9522217" lon="-93.0348764"/>
  <node id="187871892" lat="44.9521810" lon="-93.0346040"/>
  <node id="187871894" lat="44.9521252" lon="-93.0342196"/>
  <node id="187871895" lat="44.9517150" lon="-93.0314160"/>
  <node id="187871896" lat="44.9516030" lon="-93.0306600"/>
  <node id="187871900" lat="44.9514990" lon="-93.0298620"/>
  <node id="187871902" lat="44.9514110" lon="-93.0290600"/>
  <node id="187871904" lat="44.9512892" lon="-93.0274606"/>
  <node id="187871906" lat="44.9512300" lon="-93.0264920"/>
  <node id="187871908" lat="44.9512040" lon="-93.0256430"/>
  <node id="187871912" lat="44.9511960" lon="-93.0244460"/>
  <node id="187871914" lat="44.9512100" lon="-93.0235960"/>
  <node id="187871916" lat="44.9512380" lon="-93.0228250"/>
  <node id="187871920" lat="44.9514682" lon="-93.0189469"/>
  <node id="187871921" lat="44.9514954" lon="-93.0180818"/>
  <node id="187871922" lat="44.9515020" lon="-93.0171220"/>
  <node id="187871923" lat="44.9514880" lon="-93.0163880"/>
  <node id="187871925" lat="44.9514590" lon="-93.0156940"/>
  <node id="187871929" lat="44.9513810" lon="-93.0145490"/>
  <node id="187871931" lat="44.9511450" lon="-93.0124790"/>
  <node id="187871933" lat="44.9508950" lon="-93.0101980"/>
  <node id="187871940" lat="44.9505455" lon="-93.0076199"/>
  <node id="187871942" lat="44.9504484" lon="-93.0068836"/>
  <node id="187871944" lat="44.9502860" lon="-93.0057160"/>
  <node id="187871946" lat="44.9502040" lon="-93.0050405">
    <tag k="highway" v="motorway_junction"/>
    <tag k="ref" v="246C"/>
  </node>
  <node id="187871948" lat="44.9501800" lon="-93.0048561"/>
  <node id="187871950" lat="44.9501527" lon="-93.0046317"/>
  <node id="187871952" lat="44.9499081" lon="-93.0024481"/>
  <node id="187871954" lat="44.9493931" lon="-92.9978942"/>
  <node id="187871958" lat="44.9486966" lon="-92.9935793"/>
  <node id="187871960" lat="44.9486424" lon="-92.9932193"/>
  <node id="187871962" lat="44.9485524" lon="-92.9925224"/>
  <node id="187871963" lat="44.9485072" lon="-92.9921217"/>
  <node id="187871964" lat="44.9484417" lon="-92.9913434"/>
  <node id="187871965" lat="44.9483804" lon="-92.9903418"/>
  <node id="187871966" lat="44.9483617" lon="-92.9899674"/>
  <node id="187871967" lat="44.9483471" lon="-92.9896448"/>
  <node id="187872053" lat="44.9523655" lon="-93.0862817"/>
  <node id="187872055" lat="44.9523456" lon="-93.0859248"/>
  <node id="187872058" lat="44.9523468" lon="-93.0855666"/>
  <node id="187872060" lat="44.9526731" lon="-93.0838842"/>
  <node id="187872065" lat="44.9533650" lon="-93.0815131"/>
  <node id="187872081" lat="44.9547148" lon="-93.0785690"/>
  <node id="187872082" lat="44.9548982" lon="-93.0781404"/>
  <node id="187872083" lat="44.9550419" lon="-93.0777185"/>
  <node id="187872085" lat="44.9552483" lon="-93.0767536"/>
  <node id="187872091" lat="44.9552866" lon="-93.0763579"/>
  <node id="187872092" lat="44.9552859" lon="-93.0755693"/>
  <node id="187872095" lat="44.9552189" lon="-93.0749804"/>
  <node id="187872099" lat="44.9550867" lon="-93.0743719"/>
  <node id="187872100" lat="44.9548935" lon="-93.0738084">
    <tag k="highway" v="motorway_junction"/>
    <tag k="ref" v="242D"/>
    <tag k="ref:left" v="US 52 South"/>
  </node>
  <node id="187872103" lat="44.9548156" lon="-93.0736212"/>
  <node id="187872105" lat="44.9547171" lon="-93.0734136"/>
  <node id="187872107" lat="44.9545529" lon="-93.0731170"/>
  <node id="187872110" lat="44.9544214" lon="-93.0729131"/>
  <node id="187872114" lat="44.9542163" lon="-93.0726386"/>
  <node id="187872117" lat="44.9533757" lon="-93.0716670"/>
  <node id="187872121" lat="44.9531522" lon="-93.0713690"/>
  <node id="187872123" lat="44.9529091" lon="-93.0709972"/>
  <node id="187872125" lat="44.9527183" lon="-93.0706331"/>
  <node id="187872132" lat="44.9524330" lon="-93.0699171"/>
  <node id="187872136" lat="44.9522943" lon="-93.0694388"/>
  <node id="187872140" lat="44.9521345" lon="-93.0685061"/>
  <node id="187872157" lat="44.9519192" lon="-93.0607954"/>
  <node id="187872159" lat="44.9518943" lon="-93.0598260"/>
  <node id="187872169" lat="44.9518926" lon="-93.0553300"/>
  <node id="187872171" lat="44.9519144" lon="-93.0536593"/>
  <node id="187872175" lat="44.9519909" lon="-93.0520767"/>
  <node id="187872179" lat="44.9521267" lon="-93.0504804"/>
  <node id="187872180" lat="44.9522338" lon="-93.0495111"/>
  <node id="187872185" lat="44.9525933" lon="-93.0457077"/>
  <node id="187872188" lat="44.9527836" lon="-93.0425834"/>
  <node id="187872197" lat="44.9526659" lon="-93.0376682"/>
  <node id="187872199" lat="44.9525171" lon="-93.0361269"/>
  <node id="187872200" lat="44.9523283" lon="-93.0346632">
    <tag k="highway" v="motorway_junction"/>
    <tag k="ref" v="244"/>
  </node>
  <node id="187872209" lat="44.9516609" lon="-93.0299278"/>
  <node id="187872212" lat="44.9515696" lon="-93.0291132"/>
  <node id="187872214" lat="44.9514451" lon="-93.0275976"/>
  <node id="187872217" lat="44.9513730" lon="-93.0259920"/>
  <node id="187872220" lat="44.9513732" lon="-93.0243710"/>
  <node id="187872225" lat="44.9514097" lon="-93.0227580"/>
  <node id="187872234" lat="44.9516162" lon="-93.0189520"/>
  <node id="187872238" lat="44.9516375" lon="-93.0164860"/>
  <node id="187872262" lat="44.9495706" lon="-92.9980663"/>
  <node id="187872268" lat="44.9487927" lon="-92.9932157"/>
  <node id="187872272" lat="44.9487374" lon="-92.9927957"/>
  <node id="187872276" lat="44.9485831" lon="-92.9913537"/>
  <node id="187872279" lat="44.9485504" lon="-92.9909111"/>
  <node id="187872281" lat="44.9485102" lon="-92.9901139"/>
  <node id="187880240" lat="44.9404819" lon="-93.0751966"/>
  <node id="187884323" lat="44.9505710" lon="-93.0406560"/>
  <node id="187884325" lat="44.9509710" lon="-93.0407240"/>
  <node id="187884327" lat="44.9513770" lon="-93.0408190"/>
  <node id="187884328" lat="44.9518060" lon="-93.0409470"/>
  <node id="187884329" lat="44.9520190" lon="-93.0410220"/>
  <node id="187884330" lat="44.9521460" lon="-93.0410930"/>
  <node id="187884331" lat="44.9522798" lon="-93.0411677"/>
  <node id="187884333" lat="44.9524272" lon="-93.0412919"/>
  <node id="187884345" lat="44.9529827" lon="-93.0420890"/>
  <node id="187884346" lat="44.9531210" lon="-93.0424740"/>
  <node id="187884348" lat="44.9531620" lon="-93.0426180"/>
  <node id="187884350" lat="44.9532110" lon="-93.0428790"/>
  <node id="187884352" lat="44.9532390" lon="-93.0431070"/>
  <node id="187884354" lat="44.9532520" lon="-93.0433380"/>
  <node id="187884356" lat="44.9532500" lon="-93.0435700"/>
  <node id="187884357" lat="44.9532340" lon="-93.0438000"/>
  <node id="187884358" lat="44.9532150" lon="-93.0439363"/>
  <node id="187884360" lat="44.9531821" lon="-93.0441106"/>
  <node id="187884364" lat="44.9531251" lon="-93.0443220"/>
  <node id="187884366" lat="44.9528673" lon="-93.0450958"/>
  <node id="187884368" lat="44.9527477" lon="-93.0455089"/>
  <node id="187884370" lat="44.9526585" lon="-93.0459541"/>
  <node id="187884372" lat="44.9526205" lon="-93.0462331"/>
  <node id="187884767" lat="44.9520203" lon="-93.0488121"/>
  <node id="187884770" lat="44.9521263" lon="-93.0476981"/>
  <node id="187884772" lat="44.9522110" lon="-93.0466270"/>
  <node id="187884775" lat="44.9522670" lon="-93.0456260"/>
  <node id="187884777" lat="44.9523150" lon="-93.0444590"/>
  <node id="187884779" lat="44.9522960" lon="-93.0441510"/>
  <node id="187884780" lat="44.9522650" lon="-93.0438840"/>
  <node id="187884781" lat="44.9522210" lon="-93.0436210"/>
  <node id="187884782" lat="44.9521550" lon="-93.0433260"/>
  <node id="187884784" lat="44.9520720" lon="-93.0430400"/>
  <node id="187884786" lat="44.9519870" lon="-93.0427980"/>
  <node id="187884788" lat="44.9518520" lon="-93.0424810"/>
  <node id="187884789" lat="44.9517330" lon="-93.0422480"/>
  <node id="187884791" lat="44.9515920" lon="-93.0420120"/>
  <node id="187884792" lat="44.9514570" lon="-93.0418190"/>
  <node id="187884793" lat="44.9513140" lon="-93.0416400"/>
  <node id="187884794" lat="44.9511620" lon="-93.0414750"/>
  <node id="187884796" lat="44.9510020" lon="-93.0413250"/>
  <node id="187884797" lat="44.9508360" lon="-93.0411900"/>
  <node id="187886070" lat="44.9528140" lon="-93.0916003"/>
  <node id="187941723" lat="44.9489427" lon="-92.9859321">
    <tag k="highway" v="traffic_signals"/>
  </node>
  <node id="188401141" lat="44.9488729" lon="-92.9850626"/>
  <node id="188401142" lat="44.9487423" lon="-92.9843761"/>
  <node id="188401143" lat="44.9486400" lon="-92.9837086"/>
  <node id="188401145" lat="44.9486090" lon="-92.9832517"/>
  <node id="188401147" lat="44.9485786" lon="-92.9827472"/>
  <node id="188401149" lat="44.9485215" lon="-92.9813037">
    <tag k="highway" v="motorway_junction"/>
    <tag k="ref" v="247"/>
  </node>
  <node id="188427262" lat="44.9485955" lon="-92.9640411"/>
  <node id="188427491" lat="44.9485975" lon="-92.9595094"/>
  <node id="188444130" lat="44.9485703" lon="-92.9567496"/>
  <node id="188463333" lat="44.9478020" lon="-92.9851400"/>
  <node id="188463334" lat="44.9481276" lon="-92.9838657"/>
  <node id="188463335" lat="44.9482129" lon="-92.9834637"/>
  <node id="188463336" lat="44.9482617" lon="-92.9830691"/>
  <node id="188463337" lat="44.9483597" lon="-92.9811707"/>
  <node id="188513981" lat="44.9484890" lon="-92.9543974"/>
  <node id="188513982" lat="44.9485490" lon="-92.9556382"/>
  <node id="188513983" lat="44.9485843" lon="-92.9582099"/>
  <node id="188513990" lat="44.9485930" lon="-92.9609471"/>
  <node id="188513994" lat="44.9485782" lon="-92.9676004"/>
  <node id="188513996" lat="44.9485584" lon="-92.9700149"/>
  <node id="188513998" lat="44.9484421" lon="-92.9728288"/>
  <node id="188513999" lat="44.9483643" lon="-92.9750317"/>
  <node id="188514000" lat="44.9483596" lon="-92.9775962"/>
  <node id="188514012" lat="44.9483605" lon="-92.9846268"/>
  <node id="188514013" lat="44.9483714" lon="-92.9785864"/>
  <node id="464766684" lat="44.9538986" lon="-93.0891196"/>
  <node id="466309365" lat="44.9485785" lon="-92.9661625"/>
  <node id="466309382" lat="44.9487310" lon="-92.9661985"/>
  <node id="466322939" lat="44.9487224" lon="-92.9675588"/>
  <node id="466322941" lat="44.9487180" lon="-92.9700043"/>
  <node id="466322943" lat="44.9486601" lon="-92.9718770"/>
  <node id="466322945" lat="44.9486197" lon="-92.9728437"/>
  <node id="466322948" lat="44.9485496" lon="-92.9750280"/>
  <node id="466322950" lat="44.9485523" lon="-92.9775688"/>
  <node id="466322956" lat="44.9488386" lon="-92.9661846"/>
  <node id="491175620" lat="44.9483508" lon="-92.9862688"/>
  <node id="491175654" lat="44.9484985" lon="-92.9855123"/>
  <node id="493685737" lat="44.9528840" lon="-93.0826074"/>
  <node id="493685749" lat="44.9507547" lon="-93.0856709"/>
  <node id="493685756" lat="44.9532002" lon="-93.0886731"/>
  <node id="493685759" lat="44.9529219" lon="-93.0882487"/>
  <node id="493685796" lat="44.9524576" lon="-93.0833827"/>
  <node id="493685797" lat="44.9525001" lon="-93.0832720"/>
  <node id="493685800" lat="44.9525246" lon="-93.0831714"/>
  <node id="493685803" lat="44.9525385" lon="-93.0829731"/>
  <node id="493685805" lat="44.9525297" lon="-93.0828761"/>
  <node id="493685807" lat="44.9524636" lon="-93.0826293"/>
  <node id="493685817" lat="44.9555029" lon="-93.0750953"/>
  <node id="493685818" lat="44.9552451" lon="-93.0753962"/>
  <node id="493753704" lat="44.9541392" lon="-93.0790822"/>
  <node id="493753705" lat="44.9546471" lon="-93.0773885"/>
  <node id="493753707" lat="44.9544672" lon="-93.0772855"/>
  <node id="493753738" lat="44.9535856" lon="-93.0798283"/>
  <node id="507944527" lat="44.9528789" lon="-93.0827400"/>
  <node id="507944532" lat="44.9436495" lon="-93.0776420"/>
  <node id="507944534" lat="44.9534231" lon="-93.0833908">
    <tag k="highway" v="traffic_signals"/>
  </node>
  <node id="507944540" lat="44.9437209" lon="-93.0773937"/>
  <node id="507951625" lat="44.9400001" lon="-93.0757304"/>
  <node id="507951626" lat="44.9400334" lon="-93.0755951"/>
  <node id="507951646" lat="44.9432471" lon="-93.0774383"/>
  <node id="507951647" lat="44.9428193" lon="-93.0773832"/>
  <node id="507951648" lat="44.9420640" lon="-93.0770720"/>
  <node id="507951649" lat="44.9409841" lon="-93.0766567"/>
  <node id="507951651" lat="44.9404841" lon="-93.0765167"/>
  <node id="512006364" lat="44.9524229" lon="-93.0849012"/>
  <node id="512008384" lat="44.9528056" lon="-93.0412920"/>
  <node id="512008385" lat="44.9527968" lon="-93.0404048"/>
  <node id="512008386" lat="44.9527539" lon="-93.0390701"/>
  <node id="512017536" lat="44.9516441" lon="-93.0177552"/>
  <node id="512017537" lat="44.9515652" lon="-93.0150930"/>
  <node id="524837573" lat="44.9560091" lon="-93.0748396"/>
  <node id="524837578" lat="44.9559510" lon="-93.0748646"/>
  <node id="524837596" lat="44.9559585" lon="-93.0745120">
    <tag k="highway" v="traffic_signals"/>
    <tag k="traffic_signals" v="signal"/>
  </node>
  <node id="524837601" lat="44.9560297" lon="-93.0746274">
    <tag k="highway" v="traffic_signals"/>
    <tag k="traffic_signals" v="signal"/>
  </node>
  <node id="524837751" lat="44.9515346" lon="-93.0688627"/>
  <node id="524837814" lat="44.9512943" lon="-93.0689139"/>
  <node id="524837821" lat="44.9514257" lon="-93.0688595"/>
  <node id="524837828" lat="44.9514555" lon="-93.0688170"/>
  <node id="524837834" lat="44.9514666" lon="-93.0687939"/>
  <node id="524837847" lat="44.9515008" lon="-93.0685919"/>
  <node id="524837863" lat="44.9515740" lon="-93.0690118"/>
  <node id="524837874" lat="44.9517006" lon="-93.0693020"/>
  <node id="524837906" lat="44.9516360" lon="-93.0691733"/>
  <node id="524837942" lat="44.9526338" lon="-93.0701181"/>
  <node id="524838301" lat="44.9562077" lon="-93.0749227"/>
  <node id="524838302" lat="44.9561341" lon="-93.0748699"/>
  <node id="524838307" lat="44.9560709" lon="-93.0748432"/>
  <node id="524848762" lat="44.9536181" lon="-93.0805867"/>
  <node id="524848771" lat="44.9538712" lon="-93.0800551"/>
  <node id="524848789" lat="44.9546146" lon="-93.0784273"/>
  <node id="524848793" lat="44.9548058" lon="-93.0778994"/>
  <node id="524848800" lat="44.9551152" lon="-93.0764548"/>
  <node id="524848804" lat="44.9550631" lon="-93.0768311"/>
  <node id="524848816" lat="44.9549529" lon="-93.0773738"/>
  <node id="524848827" lat="44.9548995" lon="-93.0775802"/>
  <node id="524848840" lat="44.9551569" lon="-93.0758347"/>
  <node id="524848850" lat="44.9551193" lon="-93.0749882"/>
  <node id="524848854" lat="44.9551535" lon="-93.0753771"/>
  <node id="524848856" lat="44.9550433" lon="-93.0744997"/>
  <node id="526634541" lat="44.9525845" lon="-93.0465764"/>
  <node id="526634553" lat="44.9530376" lon="-93.0422242"/>
  <node id="526634560" lat="44.9525887" lon="-93.0402386"/>
  <node id="558551369" lat="44.9484946" lon="-92.9863247"/>
  <node id="558551373" lat="44.9515019" lon="-93.0204785"/>
  <node id="558551442" lat="44.9483558" lon="-92.9854568"/>
  <node id="558551663" lat="44.9515103" lon="-93.0229825"/>
  <node id="558551665" lat="44.9516312" lon="-93.0238890"/>
  <node id="579885144" lat="44.9503863" lon="-93.0052486"/>
  <node id="579885145" lat="44.9503104" lon="-93.0046493"/>
  <node id="581454510" lat="44.9527904" lon="-93.0400506"/>
  <node id="581454516" lat="44.9527389" lon="-93.0436576"/>
  <node id="581454518" lat="44.9526816" lon="-93.0446242"/>
  <node id="581454521" lat="44.9523569" lon="-93.0481956"/>
  <node id="581456215" lat="44.9522897" lon="-93.0489461"/>
  <node id="591342166" lat="44.9529693" lon="-93.0841036"/>
  <node id="591354971" lat="44.9552479" lon="-93.0751777"/>
  <node id="591354986" lat="44.9552976" lon="-93.0759884"/>
  <node id="591354997" lat="44.9551874" lon="-93.0771202"/>
  <node id="591355232" lat="44.9537029" lon="-93.0806977"/>
  <node id="591355236" lat="44.9535282" lon="-93.0810839"/>
  <node id="591355240" lat="44.9532283" lon="-93.0818940"/>
  <node id="591355249" lat="44.9529119" lon="-93.0829736"/>
  <node id="591355258" lat="44.9524997" lon="-93.0845775"/>
  <node id="591355269" lat="44.9523815" lon="-93.0851566"/>
  <node id="736000853" lat="44.9529343" lon="-93.0419887"/>
  <node id="759800395" lat="44.9484673" lon="-92.9676732"/>
  <node id="759800403" lat="44.9488574" lon="-92.9611662"/>
  <node id="759800409" lat="44.9485145" lon="-92.9711098">
    <tag k="highway" v="motorway_junction"/>
    <tag k="ref" v="249"/>
  </node>
  <node id="759800422" lat="44.9487536" lon="-92.9598060"/>
  <node id="759800437" lat="44.9484653" lon="-92.9647756">
    <tag k="highway" v="motorway_junction"/>
    <tag k="noref" v="yes"/>
  </node>
  <node id="759800439" lat="44.9485066" lon="-92.9601304"/>
  <node id="759800443" lat="44.9488369" lon="-92.9632732"/>
  <node id="759800452" lat="44.9503408" lon="-93.0070254"/>
  <node id="759800456" lat="44.9487284" lon="-92.9629443"/>
  <node id="759800461" lat="44.9484889" lon="-92.9697957"/>
  <node id="759800465" lat="44.9484673" lon="-92.9662258"/>
  <node id="759800477" lat="44.9487474" lon="-92.9580123"/>
  <node id="759800479" lat="44.9484354" lon="-92.9529489"/>
  <node id="759800484" lat="44.9477182" lon="-92.9862217"/>
  <node id="759800498" lat="44.9485023" lon="-92.9597712"/>
  <node id="759800506" lat="44.9498147" lon="-93.0000635"/>
  <node id="759800514" lat="44.9501698" lon="-93.0062011"/>
  <node id="759800521" lat="44.9483122" lon="-92.9903002"/>
  <node id="759800524" lat="44.9488220" lon="-92.9650199"/>
  <node id="759800526" lat="44.9485046" lon="-92.9633281"/>
  <node id="759816381" lat="44.9517363" lon="-93.0630660"/>
  <node id="759816385" lat="44.9521003" lon="-93.0680006"/>
  <node id="759816387" lat="44.9512813" lon="-93.0123086"/>
  <node id="759816390" lat="44.9517364" lon="-93.0637555"/>
  <node id="759816401" lat="44.9518755" lon="-93.0575709"/>
  <node id="759816406" lat="44.9518031" lon="-93.0638883"/>
  <node id="759816407" lat="44.9549607" lon="-93.0741322"/>
  <node id="759816411" lat="44.9521333" lon="-93.0660890"/>
  <node id="759816412" lat="44.9525748" lon="-93.0703075"/>
  <node id="759816413" lat="44.9532825" lon="-93.0811617"/>
  <node id="759816432" lat="44.9549743" lon="-93.0740133"/>
  <node id="759816435" lat="44.9524560" lon="-93.0350154"/>
  <node id="759816442" lat="44.9520746" lon="-93.0669325"/>
  <node id="759816443" lat="44.9521959" lon="-93.0689520"/>
  <node id="759816447" lat="44.9530452" lon="-93.0818654"/>
  <node id="759816457" lat="44.9520377" lon="-93.0655214"/>
  <node id="954734814" lat="44.9482259" lon="-93.1028096"/>
  <node id="954734815" lat="44.9484161" lon="-93.1026630"/>
  <node id="954734818" lat="44.9486008" lon="-93.1025251"/>
  <node id="954734823" lat="44.9487860" lon="-93.1024029"/>
  <node id="954734825" lat="44.9489907" lon="-93.1022636"/>
  <node id="954734826" lat="44.9491521" lon="-93.1021577"/>
  <node id="954734829" lat="44.9493359" lon="-93.1020326"/>
  <node id="954734831" lat="44.9494818" lon="-93.1019375"/>
  <node id="954734833" lat="44.9495998" lon="-93.1018528"/>
  <node id="954734834" lat="44.9496890" lon="-93.1017819"/>
  <node id="954734835" lat="44.9497981" lon="-93.1016814"/>
  <node id="954734836" lat="44.9498749" lon="-93.1016009"/>
  <node id="954734837" lat="44.9499368" lon="-93.1015296"/>
  <node id="954734838" lat="44.9500156" lon="-93.1014437"/>
  <node id="954734839" lat="44.9501140" lon="-93.1013180"/>
  <node id="954734841" lat="44.9502101" lon="-93.1011784"/>
  <node id="954734843" lat="44.9502975" lon="-93.1010334"/>
  <node id="954734847" lat="44.9503837" lon="-93.1008754"/>
  <node id="954734850" lat="44.9504551" lon="-93.1007247"/>
  <node id="954734852" lat="44.9505262" lon="-93.1005575"/>
  <node id="954734853" lat="44.9505887" lon="-93.1003848"/>
  <node id="954734856" lat="44.9506420" lon="-93.1002072"/>
  <node id="954734862" lat="44.9507796" lon="-93.0997486"/>
  <node id="954734863" lat="44.9508404" lon="-93.0995381"/>
  <node id="954734864" lat="44.9509201" lon="-93.0992914"/>
  <node id="954734865" lat="44.9509809" lon="-93.0991251"/>
  <node id="954734866" lat="44.9510340" lon="-93.0989910"/>
  <node id="954734867" lat="44.9510947" lon="-93.0988408"/>
  <node id="954734868" lat="44.9511555" lon="-93.0986906"/>
  <node id="954734869" lat="44.9512314" lon="-93.0985082"/>
  <node id="954734870" lat="44.9521122" lon="-93.0965985"/>
  <node id="954734887" lat="44.9499368" lon="-93.1013138"/>
  <node id="954734888" lat="44.9499558" lon="-93.1012065"/>
  <node id="954734889" lat="44.9499862" lon="-93.1010563"/>
  <node id="954734890" lat="44.9500203" lon="-93.1009222"/>
  <node id="954734891" lat="44.9500849" lon="-93.1007344"/>
  <node id="954734892" lat="44.9501380" lon="-93.1006057"/>
  <node id="954734893" lat="44.9502329" lon="-93.1003857"/>
  <node id="954734894" lat="44.9503924" lon="-93.1000531"/>
  <node id="954734895" lat="44.9506733" lon="-93.0994899"/>
  <node id="956548056" lat="44.9526466" lon="-93.0954782">
    <tag k="highway" v="motorway_junction"/>
    <tag k="ref" v="242B"/>
    <tag k="ref:left" v="242B"/>
  </node>
  <node id="956548192" lat="44.9480299" lon="-93.1029700">
    <tag k="highway" v="motorway_junction"/>
    <tag k="ref" v="107A"/>
  </node>
  <node id="956548221" lat="44.9510809" lon="-93.0994802">
    <tag k="highway" v="motorway_junction"/>
    <tag k="ref" v="241C"/>
    <tag k="ref:left" v="241C"/>
  </node>
  <node id="956548429" lat="44.9485020" lon="-93.1025187"/>
  <node id="956548431" lat="44.9487276" lon="-93.1023076"/>
  <node id="956548433" lat="44.9489375" lon="-93.1021193"/>
  <node id="956548435" lat="44.9490324" lon="-93.1020335"/>
  <node id="956548437" lat="44.9491273" lon="-93.1019423"/>
  <node id="956548440" lat="44.9491956" lon="-93.1018672"/>
  <node id="956548442" lat="44.9492792" lon="-93.1017653"/>
  <node id="956548444" lat="44.9493513" lon="-93.1016741"/>
  <node id="956548445" lat="44.9494158" lon="-93.1015882"/>
  <node id="956548446" lat="44.9494918" lon="-93.1014863"/>
  <node id="956548453" lat="44.9495487" lon="-93.1014005"/>
  <node id="956548455" lat="44.9496170" lon="-93.1012825"/>
  <node id="956548457" lat="44.9496740" lon="-93.1011698"/>
  <node id="956548458" lat="44.9497423" lon="-93.1010250"/>
  <node id="956548459" lat="44.9498145" lon="-93.1008748"/>
  <node id="956548460" lat="44.9499663" lon="-93.1005529"/>
  <node id="956548462" lat="44.9504485" lon="-93.0995980"/>
  <node id="956548464" lat="44.9506953" lon="-93.0991206"/>
  <node id="956548466" lat="44.9509041" lon="-93.0987075"/>
  <node id="956548468" lat="44.9510825" lon="-93.0983535"/>
  <node id="956548470" lat="44.9513787" lon="-93.0978111"/>
  <node id="956548688" lat="44.9516710" lon="-93.0981178"/>
  <node id="956548690" lat="44.9515086" lon="-93.0984608"/>
  <node id="956548693" lat="44.9513808" lon="-93.0987094"/>
  <node id="956567341" lat="44.9559783" lon="-93.0915750"/>
  <node id="956567343" lat="44.9558454" lon="-93.0916018"/>
  <node id="956567344" lat="44.9557575" lon="-93.0916233"/>
  <node id="956567345" lat="44.9556694" lon="-93.0916487"/>
  <node id="956567347" lat="44.9556086" lon="-93.0916694"/>
  <node id="956567348" lat="44.9555180" lon="-93.0917008"/>
  <node id="956567350" lat="44.9554485" lon="-93.0917294"/>
  <node id="956567351" lat="44.9553574" lon="-93.0917723"/>
  <node id="956567353" lat="44.9552625" lon="-93.0918206"/>
  <node id="956567354" lat="44.9551828" lon="-93.0918635"/>
  <node id="956567355" lat="44.9550992" lon="-93.0919118"/>
  <node id="956567356" lat="44.9550347" lon="-93.0919547"/>
  <node id="956567358" lat="44.9549778" lon="-93.0919923"/>
  <node id="956567372" lat="44.9549056" lon="-93.0920459"/>
  <node id="956567373" lat="44.9548335" lon="-93.0921049"/>
  <node id="956567375" lat="44.9547690" lon="-93.0921639"/>
  <node id="956567377" lat="44.9547006" lon="-93.0922283"/>
  <node id="956567378" lat="44.9546285" lon="-93.0922980"/>
  <node id="956567380" lat="44.9545678" lon="-93.0923624"/>
  <node id="956567381" lat="44.9545070" lon="-93.0924375"/>
  <node id="956567383" lat="44.9544349" lon="-93.0925341"/>
  <node id="956567384" lat="44.9543666" lon="-93.0926253"/>
  <node id="956567386" lat="44.9542982" lon="-93.0927165"/>
  <node id="956567387" lat="44.9542147" lon="-93.0928398"/>
  <node id="956567391" lat="44.9541426" lon="-93.0929632"/>
  <node id="956567392" lat="44.9540743" lon="-93.0930866"/>
  <node id="956567393" lat="44.9540135" lon="-93.0931993"/>
  <node id="961069429" lat="44.9543462" lon="-93.0919919"/>
  <node id="961069430" lat="44.9544359" lon="-93.0918901"/>
  <node id="961069431" lat="44.9545170" lon="-93.0918005"/>
  <node id="961069434" lat="44.9545882" lon="-93.0917294"/>
  <node id="961069438" lat="44.9546694" lon="-93.0916438"/>
  <node id="961069441" lat="44.9547493" lon="-93.0915657"/>
  <node id="961069443" lat="44.9548208" lon="-93.0914946"/>
  <node id="961069445" lat="44.9549352" lon="-93.0913963"/>
  <node id="961069446" lat="44.9550836" lon="-93.0912849"/>
  <node id="961069448" lat="44.9552909" lon="-93.0911776"/>
  <node id="961069470" lat="44.9536557" lon="-93.0907887"/>
  <node id="961069473" lat="44.9535324" lon="-93.0907094"/>
  <node id="961069481" lat="44.9534873" lon="-93.0906883"/>
  <node id="961069482" lat="44.9533787" lon="-93.0906289"/>
  <node id="961069484" lat="44.9533003" lon="-93.0905796"/>
  <node id="961069490" lat="44.9535387" lon="-93.0907702"/>
  <node id="961069493" lat="44.9534861" lon="-93.0907627"/>
  <node id="961069494" lat="44.9534296" lon="-93.0907699"/>
  <node id="961069495" lat="44.9533805" lon="-93.0907888"/>
  <node id="961069497" lat="44.9533376" lon="-93.0908131"/>
  <node id="961069498" lat="44.9532852" lon="-93.0908506"/>
  <node id="961069499" lat="44.9532329" lon="-93.0909022"/>
  <node id="961069500" lat="44.9531956" lon="-93.0909523"/>
  <node id="961069501" lat="44.9531602" lon="-93.0910136"/>
  <node id="961069502" lat="44.9528899" lon="-93.0915898"/>
  <node id="961069616" lat="44.9543364" lon="-93.0922351"/>
  <node id="961069619" lat="44.9544002" lon="-93.0921324"/>
  <node id="961069622" lat="44.9544648" lon="-93.0920412"/>
  <node id="961069623" lat="44.9545293" lon="-93.0919554"/>
  <node id="961069625" lat="44.9546090" lon="-93.0918535"/>
  <node id="961069626" lat="44.9546850" lon="-93.0917623"/>
  <node id="961069627" lat="44.9547609" lon="-93.0916765"/>
  <node id="961069630" lat="44.9548292" lon="-93.0916014"/>
  <node id="961069633" lat="44.9549040" lon="-93.0915179"/>
  <node id="961069636" lat="44.9549975" lon="-93.0914272"/>
  <node id="961069639" lat="44.9550970" lon="-93.0913413"/>
  <node id="961069640" lat="44.9551975" lon="-93.0912523"/>
  <node id="961069651" lat="44.9558611" lon="-93.0908652"/>
  <node id="961069653" lat="44.9559159" lon="-93.0908429"/>
  <node id="961069671" lat="44.9560273" lon="-93.0908074"/>
  <node id="961069674" lat="44.9561184" lon="-93.0907810"/>
  <node id="961069677" lat="44.9561941" lon="-93.0907638"/>
  <node id="961069678" lat="44.9562781" lon="-93.0907445"/>
  <node id="961069679" lat="44.9563724" lon="-93.0907259"/>
  <node id="961069681" lat="44.9565155" lon="-93.0907088"/>
  <node id="961069683" lat="44.9567117" lon="-93.0906886"/>
  <node id="961069687" lat="44.9571635" lon="-93.0906483"/>
  <node id="961069813" lat="44.9534385" lon="-93.0931051"/>
  <node id="961069825" lat="44.9538456" lon="-93.0925925"/>
  <node id="961069835" lat="44.9540503" lon="-93.0923408"/>
  <node id="961069844" lat="44.9541433" lon="-93.0922325"/>
  <node id="961069845" lat="44.9542291" lon="-93.0921300"/>
  <node id="961069847" lat="44.9543183" lon="-93.0920226"/>
  <node id="961069922" lat="44.9535385" lon="-93.0937954"/>
  <node id="961069925" lat="44.9536827" lon="-93.0935111"/>
  <node id="961069927" lat="44.9537663" lon="-93.0933394"/>
  <node id="961069928" lat="44.9538650" lon="-93.0931302"/>
  <node id="961069929" lat="44.9539599" lon="-93.0929371"/>
  <node id="961069931" lat="44.9540358" lon="-93.0927815"/>
  <node id="961069932" lat="44.9541041" lon="-93.0926474"/>
  <node id="961069934" lat="44.9541687" lon="-93.0925240"/>
  <node id="961069936" lat="44.9542218" lon="-93.0924275"/>
  <node id="961069939" lat="44.9542863" lon="-93.0923202"/>
  <node id="961069948" lat="44.9530791" lon="-93.0945411"/>
  <node id="961069949" lat="44.9531778" lon="-93.0943104"/>
  <node id="961069950" lat="44.9532479" lon="-93.0941340"/>
  <node id="961069953" lat="44.9533148" lon="-93.0939472"/>
  <node id="961069954" lat="44.9533692" lon="-93.0937821"/>
  <node id="961069955" lat="44.9534250" lon="-93.0936049"/>
  <node id="961069956" lat="44.9534756" lon="-93.0934211"/>
  <node id="961069957" lat="44.9535170" lon="-93.0932482"/>
  <node id="961069960" lat="44.9535624" lon="-93.0930549"/>
  <node id="961069961" lat="44.9536110" lon="-93.0928215"/>
  <node id="961069962" lat="44.9536313" lon="-93.0926875"/>
  <node id="961069963" lat="44.9536596" lon="-93.0925026"/>
  <node id="961069967" lat="44.9536840" lon="-93.0923141"/>
  <node id="961069969" lat="44.9537025" lon="-93.0921166"/>
  <node id="961069970" lat="44.9537173" lon="-93.0919258"/>
  <node id="961069972" lat="44.9537296" lon="-93.0917373"/>
  <node id="961069973" lat="44.9537364" lon="-93.0915471"/>
  <node id="961069975" lat="44.9537364" lon="-93.0913597"/>
  <node id="961069976" lat="44.9537283" lon="-93.0911694"/>
  <node id="961069977" lat="44.9537148" lon="-93.0909785"/>
  <node id="961069978" lat="44.9537017" lon="-93.0908450"/>
  <node id="961069979" lat="44.9536827" lon="-93.0906840"/>
  <node id="961069980" lat="44.9536638" lon="-93.0905392"/>
  <node id="961069982" lat="44.9536410" lon="-93.0903944"/>
  <node id="961069993" lat="44.9530412" lon="-93.0937364"/>
  <node id="961069994" lat="44.9530873" lon="-93.0936885"/>
  <node id="961069996" lat="44.9531558" lon="-93.0935664"/>
  <node id="961069997" lat="44.9532157" lon="-93.0934653"/>
  <node id="961070000" lat="44.9533254" lon="-93.0932774"/>
  <node id="961086283" lat="44.9538920" lon="-93.0909015"/>
  <node id="961086293" lat="44.9542266" lon="-93.0910498"/>
  <node id="961086301" lat="44.9548731" lon="-93.0913236"/>
  <node id="961086303" lat="44.9547837" lon="-93.0912902"/>
  <node id="961086304" lat="44.9546925" lon="-93.0912527"/>
  <node id="961086306" lat="44.9545825" lon="-93.0912044"/>
  <node id="961086336" lat="44.9533232" lon="-93.0929589"/>
  <node id="961086337" lat="44.9533813" lon="-93.0928067"/>
  <node id="961086339" lat="44.9534273" lon="-93.0926726"/>
  <node id="961086341" lat="44.9534664" lon="-93.0925455"/>
  <node id="961086343" lat="44.9534967" lon="-93.0924543"/>
  <node id="961086345" lat="44.9535309" lon="-93.0923256"/>
  <node id="961086347" lat="44.9535575" lon="-93.0922075"/>
  <node id="961086349" lat="44.9535802" lon="-93.0920949"/>
  <node id="961086352" lat="44.9536030" lon="-93.0919661"/>
  <node id="961086354" lat="44.9536334" lon="-93.0917730"/>
  <node id="961086356" lat="44.9536524" lon="-93.0916282"/>
  <node id="961086357" lat="44.9536676" lon="-93.0914833"/>
  <node id="961086358" lat="44.9536789" lon="-93.0913492"/>
  <node id="961086360" lat="44.9536865" lon="-93.0911829"/>
  <node id="961086361" lat="44.9536865" lon="-93.0910488"/>
  <node id="961086363" lat="44.9536888" lon="-93.0909040"/>
  <node id="961086367" lat="44.9536220" lon="-93.0902924"/>
  <node id="961086399" lat="44.9543319" lon="-93.0892464"/>
  <node id="961086401" lat="44.9543851" lon="-93.0893429"/>
  <node id="961086403" lat="44.9544420" lon="-93.0894449"/>
  <node id="961086405" lat="44.9545027" lon="-93.0895468"/>
  <node id="961086407" lat="44.9545863" lon="-93.0896970"/>
  <node id="961086408" lat="44.9546887" lon="-93.0898847"/>
  <node id="961086409" lat="44.9547571" lon="-93.0900081"/>
  <node id="961086410" lat="44.9548254" lon="-93.0901315"/>
  <node id="961086411" lat="44.9548813" lon="-93.0902513">
    <tag k="highway" v="traffic_signals"/>
    <tag k="traffic_signals" v="ramp_meter"/>
    <tag k="traffic_signals:direction" v="forward"/>
  </node>
  <node id="961086413" lat="44.9549450" lon="-93.0903458"/>
  <node id="961086416" lat="44.9550191" lon="-93.0904452"/>
  <node id="961086418" lat="44.9551063" lon="-93.0905290">
    <tag k="highway" v="motorway_junction"/>
  </node>
  <node id="961086440" lat="44.9542569" lon="-93.0932424"/>
  <node id="961086441" lat="44.9542109" lon="-93.0933550"/>
  <node id="961086443" lat="44.9541645" lon="-93.0934595"/>
  <node id="961086446" lat="44.9541141" lon="-93.0935654"/>
  <node id="961086447" lat="44.9540570" lon="-93.0936736"/>
  <node id="961086448" lat="44.9539909" lon="-93.0937942"/>
  <node id="961086449" lat="44.9539290" lon="-93.0939026"/>
  <node id="961086451" lat="44.9538323" lon="-93.0940541"/>
  <node id="961086456" lat="44.9537441" lon="-93.0941950"/>
  <node id="961086463" lat="44.9535602" lon="-93.0944765"/>
  <node id="961086464" lat="44.9533948" lon="-93.0947631"/>
  <node id="961086465" lat="44.9532419" lon="-93.0950612"/>
  <node id="961086470" lat="44.9531533" lon="-93.0952201"/>
  <node id="961086473" lat="44.9529972" lon="-93.0954430"/>
  <node id="961086633" lat="44.9535954" lon="-93.0901691">
    <tag k="highway" v="motorway_junction"/>
    <tag k="ref" v="242C"/>
  </node>
  <node id="961086634" lat="44.9535727" lon="-93.0900618"/>
  <node id="961086636" lat="44.9535385" lon="-93.0899438"/>
  <node id="961086637" lat="44.9535081" lon="-93.0898418"/>
  <node id="961086639" lat="44.9534664" lon="-93.0897077"/>
  <node id="961086641" lat="44.9534246" lon="-93.0895897"/>
  <node id="961086643" lat="44.9533714" lon="-93.0894610"/>
  <node id="961086647" lat="44.9533145" lon="-93.0893322"/>
  <node id="961086648" lat="44.9532576" lon="-93.0892196"/>
  <node id="961086650" lat="44.9531930" lon="-93.0890908"/>
  <node id="961086718" lat="44.9574371" lon="-93.0912313"/>
  <node id="961086720" lat="44.9572502" lon="-93.0912728"/>
  <node id="961086721" lat="44.9569987" lon="-93.0913318"/>
  <node id="961086724" lat="44.9564834" lon="-93.0914503"/>
  <node id="961086726" lat="44.9562219" lon="-93.0915195"/>
  <node id="961086740" lat="44.9563654" lon="-93.0912977"/>
  <node id="961086744" lat="44.9561531" lon="-93.0913516"/>
  <node id="961086751" lat="44.9556758" lon="-93.0914455"/>
  <node id="961086755" lat="44.9555278" lon="-93.0914574"/>
  <node id="961086756" lat="44.9554065" lon="-93.0914543"/>
  <node id="961086758" lat="44.9553272" lon="-93.0914489"/>
  <node id="961086760" lat="44.9552462" lon="-93.0914340"/>
  <node id="961086762" lat="44.9551872" lon="-93.0914226"/>
  <node id="961086763" lat="44.9551139" lon="-93.0914029"/>
  <node id="961086764" lat="44.9550038" lon="-93.0913707"/>
  <node id="961086776" lat="44.9539257" lon="-93.0933716"/>
  <node id="961086778" lat="44.9538823" lon="-93.0934920"/>
  <node id="961115820" lat="44.9581737" lon="-93.0909215"/>
  <node id="961115827" lat="44.9576573" lon="-93.0911606"/>
  <node id="961115842" lat="44.9581779" lon="-93.0910265"/>
  <node id="961115850" lat="44.9576611" lon="-93.0912826"/>
  <node id="961115852" lat="44.9571131" lon="-93.0914737"/>
  <node id="961115855" lat="44.9564634" lon="-93.0916991"/>
  <node id="961115857" lat="44.9561635" lon="-93.0918022"/>
  <node id="961115858" lat="44.9560355" lon="-93.0918476"/>
  <node id="961115859" lat="44.9559526" lon="-93.0918778"/>
  <node id="961115860" lat="44.9558492" lon="-93.0919198"/>
  <node id="961115869" lat="44.9557585" lon="-93.0919616"/>
  <node id="961115870" lat="44.9556738" lon="-93.0920044"/>
  <node id="961115871" lat="44.9556124" lon="-93.0920407"/>
  <node id="961115872" lat="44.9555341" lon="-93.0920897"/>
  <node id="961115874" lat="44.9554588" lon="-93.0921402"/>
  <node id="961115876" lat="44.9553839" lon="-93.0921939"/>
  <node id="961115878" lat="44.9553180" lon="-93.0922473"/>
  <node id="961115881" lat="44.9552605" lon="-93.0922967"/>
  <node id="961115894" lat="44.9581810" lon="-93.0911052"/>
  <node id="961115981" lat="44.9550346" lon="-93.0925655"/>
  <node id="961115983" lat="44.9549440" lon="-93.0926641"/>
  <node id="961115984" lat="44.9548606" lon="-93.0927635"/>
  <node id="961115987" lat="44.9547937" lon="-93.0928518"/>
  <node id="961115989" lat="44.9547415" lon="-93.0929271"/>
  <node id="961115991" lat="44.9547156" lon="-93.0929590"/>
  <node id="961115993" lat="44.9546032" lon="-93.0931231"/>
  <node id="961116004" lat="44.9542593" lon="-93.0906732"/>
  <node id="961116005" lat="44.9542207" lon="-93.0906278"/>
  <node id="961116007" lat="44.9541582" lon="-93.0905379">
    <tag k="highway" v="motorway_junction"/>
    <tag k="noref" v="yes"/>
  </node>
  <node id="961116008" lat="44.9541003" lon="-93.0904909"/>
  <node id="961116011" lat="44.9540548" lon="-93.0904212"/>
  <node id="961116013" lat="44.9540168" lon="-93.0903568"/>
  <node id="961116016" lat="44.9539713" lon="-93.0902710"/>
  <node id="961116018" lat="44.9539257" lon="-93.0901852"/>
  <node id="961116020" lat="44.9538650" lon="-93.0900671"/>
  <node id="961116022" lat="44.9538042" lon="-93.0899384"/>
  <node id="961116023" lat="44.9537283" lon="-93.0897721"/>
  <node id="961116024" lat="44.9536486" lon="-93.0896165"/>
  <node id="961116025" lat="44.9535499" lon="-93.0894180"/>
  <node id="961116037" lat="44.9548005" lon="-93.0911282"/>
  <node id="961116044" lat="44.9547379" lon="-93.0910912"/>
  <node id="961116045" lat="44.9546513" lon="-93.0910338"/>
  <node id="961116046" lat="44.9545770" lon="-93.0909823"/>
  <node id="961116047" lat="44.9545076" lon="-93.0909262"/>
  <node id="961116048" lat="44.9544142" lon="-93.0908446"/>
  <node id="961116049" lat="44.9543298" lon="-93.0907580"/>
  <node id="961116065" lat="44.9566757" lon="-93.0911955">
    <tag k="highway" v="motorway_junction"/>
  </node>
  <node id="961116074" lat="44.9562866" lon="-93.0912136"/>
  <node id="961116076" lat="44.9561260" lon="-93.0912403"/>
  <node id="961116078" lat="44.9559586" lon="-93.0912650"/>
  <node id="961116080" lat="44.9558527" lon="-93.0912842"/>
  <node id="961116086" lat="44.9554917" lon="-93.0913221"/>
  <node id="961116087" lat="44.9553783" lon="-93.0913163"/>
  <node id="961116098" lat="44.9552461" lon="-93.0912923"/>
  <node id="961116099" lat="44.9550836" lon="-93.0912526"/>
  <node id="961116211" lat="44.9539751" lon="-93.0895361"/>
  <node id="961116213" lat="44.9540434" lon="-93.0896487">
    <tag k="highway" v="motorway_junction"/>
    <tag k="ref" v="242A"/>
  </node>
  <node id="961116216" lat="44.9541041" lon="-93.0897560"/>
  <node id="961116218" lat="44.9541611" lon="-93.0898687"/>
  <node id="961116219" lat="44.9542142" lon="-93.0899920"/>
  <node id="961116220" lat="44.9542522" lon="-93.0900886"/>
  <node id="961116221" lat="44.9542939" lon="-93.0902066"/>
  <node id="961116229" lat="44.9543349" lon="-93.0903246"/>
  <node id="961116231" lat="44.9543708" lon="-93.0904396"/>
  <node id="961116232" lat="44.9544040" lon="-93.0905553"/>
  <node id="961116233" lat="44.9544328" lon="-93.0906708"/>
  <node id="961116234" lat="44.9544585" lon="-93.0907847"/>
  <node id="961116236" lat="44.9544822" lon="-93.0909146"/>
  <node id="961116238" lat="44.9544977" lon="-93.0910331"/>
  <node id="961116241" lat="44.9545264" lon="-93.0912796"/>
  <node id="961116243" lat="44.9545344" lon="-93.0914041"/>
  <node id="961116245" lat="44.9545369" lon="-93.0915192"/>
  <node id="961116248" lat="44.9545382" lon="-93.0916509"/>
  <node id="961116249" lat="44.9545374" lon="-93.0917880"/>
  <node id="961116250" lat="44.9545310" lon="-93.0919179"/>
  <node id="961116251" lat="44.9545226" lon="-93.0920412"/>
  <node id="961116253" lat="44.9544972" lon="-93.0922860"/>
  <node id="961116255" lat="44.9544825" lon="-93.0923890"/>
  <node id="961116258" lat="44.9544386" lon="-93.0926426"/>
  <node id="961116261" lat="44.9544082" lon="-93.0927717"/>
  <node id="961116263" lat="44.9543758" lon="-93.0928944"/>
  <node id="961116264" lat="44.9543437" lon="-93.0930017"/>
  <node id="961116265" lat="44.9542998" lon="-93.0931334"/>
  <node id="961116299" lat="44.9545131" lon="-93.0932707"/>
  <node id="961116302" lat="44.9543503" lon="-93.0935275"/>
  <node id="961116308" lat="44.9540663" lon="-93.0939642"/>
  <node id="961116310" lat="44.9539156" lon="-93.0942071"/>
  <node id="961116311" lat="44.9537952" lon="-93.0943833"/>
  <node id="961116312" lat="44.9536904" lon="-93.0945478"/>
  <node id="961116314" lat="44.9535872" lon="-93.0947140"/>
  <node id="961116316" lat="44.9534831" lon="-93.0948744"/>
  <node id="961116319" lat="44.9533441" lon="-93.0951000"/>
  <node id="961116321" lat="44.9532297" lon="-93.0953026"/>
  <node id="961116324" lat="44.9530841" lon="-93.0955584"/>
  <node id="961116325" lat="44.9528813" lon="-93.0959348"/>
  <node id="961116330" lat="44.9527877" lon="-93.0960939"/>
  <node id="961116448" lat="44.9520805" lon="-93.0973013"/>
  <node id="961116533" lat="44.9575358" lon="-93.0918642"/>
  <node id="961116535" lat="44.9574548" lon="-93.0918819"/>
  <node id="961116538" lat="44.9573403" lon="-93.0918982"/>
  <node id="961116540" lat="44.9572459" lon="-93.0919070"/>
  <node id="961116542" lat="44.9569869" lon="-93.0919297"/>
  <node id="961116543" lat="44.9567518" lon="-93.0919504"/>
  <node id="961116544" lat="44.9564366" lon="-93.0919827"/>
  <node id="961116545" lat="44.9562268" lon="-93.0919972"/>
  <node id="961116547" lat="44.9560948" lon="-93.0920102"/>
  <node id="961116549" lat="44.9560038" lon="-93.0920217"/>
  <node id="961116552" lat="44.9559175" lon="-93.0920363"/>
  <node id="961116554" lat="44.9558353" lon="-93.0920576"/>
  <node id="961116556" lat="44.9557640" lon="-93.0920822"/>
  <node id="961116559" lat="44.9556803" lon="-93.0921167"/>
  <node id="961116560" lat="44.9556182" lon="-93.0921447"/>
  <node id="961116561" lat="44.9555439" lon="-93.0921840"/>
  <node id="961116567" lat="44.9554794" lon="-93.0922203"/>
  <node id="961116570" lat="44.9553943" lon="-93.0922785"/>
  <node id="961116605" lat="44.9537739" lon="-93.0937182"/>
  <node id="961116606" lat="44.9536478" lon="-93.0939815"/>
  <node id="961116607" lat="44.9535529" lon="-93.0941724"/>
  <node id="961116608" lat="44.9534385" lon="-93.0943952"/>
  <node id="961116609" lat="44.9531993" lon="-93.0948934"/>
  <node id="961117608" lat="44.9581667" lon="-93.0907463"/>
  <node id="961117624" lat="44.9576467" lon="-93.0908161"/>
  <node id="961117627" lat="44.9576399" lon="-93.0905923"/>
  <node id="961117629" lat="44.9581585" lon="-93.0905406"/>
  <node id="961117649" lat="44.9527071" lon="-93.0875834">
    <tag k="highway" v="motorway_junction"/>
    <tag k="ref" v="242B"/>
  </node>
  <node id="961117650" lat="44.9528134" lon="-93.0878087"/>
  <node id="961117651" lat="44.9529121" lon="-93.0880018"/>
  <node id="961117652" lat="44.9529880" lon="-93.0881306"/>
  <node id="961117653" lat="44.9531399" lon="-93.0883559"/>
  <node id="961117654" lat="44.9533145" lon="-93.0886027"/>
  <node id="961117655" lat="44.9535271" lon="-93.0889138"/>
  <node id="961117656" lat="44.9537397" lon="-93.0892088"/>
  <node id="961117657" lat="44.9538726" lon="-93.0893859"/>
  <node id="961117658" lat="44.9574323" lon="-93.0906166"/>
  <node id="961117662" lat="44.9528665" lon="-93.0878194"/>
  <node id="961117663" lat="44.9529652" lon="-93.0879643"/>
  <node id="961117664" lat="44.9530260" lon="-93.0880555"/>
  <node id="961117665" lat="44.9530867" lon="-93.0881413"/>
  <node id="961117666" lat="44.9531475" lon="-93.0882218"/>
  <node id="961117667" lat="44.9532310" lon="-93.0883291"/>
  <node id="961117668" lat="44.9533335" lon="-93.0884578"/>
  <node id="961117669" lat="44.9537017" lon="-93.0888816"/>
  <node id="961117670" lat="44.9540168" lon="-93.0892625"/>
  <node id="961117671" lat="44.9541193" lon="-93.0893912"/>
  <node id="961117672" lat="44.9542522" lon="-93.0895629"/>
  <node id="961117673" lat="44.9543357" lon="-93.0896755"/>
  <node id="961117674" lat="44.9544192" lon="-93.0897989"/>
  <node id="961117675" lat="44.9545065" lon="-93.0899277"/>
  <node id="961117676" lat="44.9546204" lon="-93.0900940"/>
  <node id="961117677" lat="44.9547153" lon="-93.0902388"/>
  <node id="961117678" lat="44.9547875" lon="-93.0903407"/>
  <node id="961117679" lat="44.9548444" lon="-93.0904212"/>
  <node id="961117680" lat="44.9549089" lon="-93.0904963"/>
  <node id="961117681" lat="44.9549735" lon="-93.0905607"/>
  <node id="961117682" lat="44.9550532" lon="-93.0906358"/>
  <node id="961117683" lat="44.9551089" lon="-93.0906918"/>
  <node id="961117684" lat="44.9552042" lon="-93.0907681"/>
  <node id="961117685" lat="44.9552628" lon="-93.0908083"/>
  <node id="961117686" lat="44.9553252" lon="-93.0908479"/>
  <node id="961117687" lat="44.9554296" lon="-93.0909061"/>
  <node id="961117688" lat="44.9555524" lon="-93.0909621"/>
  <node id="961117689" lat="44.9556893" lon="-93.0910003"/>
  <node id="961117690" lat="44.9558411" lon="-93.0910316"/>
  <node id="961117691" lat="44.9559182" lon="-93.0910470"/>
  <node id="961117692" lat="44.9560057" lon="-93.0910557"/>
  <node id="961117695" lat="44.9560657" lon="-93.0910297">
    <tag k="highway" v="motorway_junction"/>
  </node>
  <node id="961117696" lat="44.9561653" lon="-93.0910223"/>
  <node id="961117697" lat="44.9563199" lon="-93.0910135"/>
  <node id="961117698" lat="44.9564766" lon="-93.0909881"/>
  <node id="961117699" lat="44.9566283" lon="-93.0909653"/>
  <node id="961117700" lat="44.9569078" lon="-93.0909212"/>
  <node id="961117701" lat="44.9573652" lon="-93.0908540"/>
  <node id="961117702" lat="44.9524072" lon="-93.0865803"/>
  <node id="961117703" lat="44.9524489" lon="-93.0868002"/>
  <node id="961117704" lat="44.9524831" lon="-93.0869504"/>
  <node id="961117705" lat="44.9525173" lon="-93.0870738"/>
  <node id="961118207" lat="44.9520579" lon="-93.0838873"/>
  <node id="961118208" lat="44.9521261" lon="-93.0836943"/>
  <node id="961118209" lat="44.9522097" lon="-93.0835280"/>
  <node id="961118210" lat="44.9534891" lon="-93.0892786"/>
  <node id="961118211" lat="44.9534170" lon="-93.0891337"/>
  <node id="961118212" lat="44.9533487" lon="-93.0890050"/>
  <node id="961118213" lat="44.9533107" lon="-93.0889460"/>
  <node id="961118214" lat="44.9532538" lon="-93.0888601"/>
  <node id="961118215" lat="44.9531892" lon="-93.0887743"/>
  <node id="961118216" lat="44.9530943" lon="-93.0886456"/>
  <node id="961118217" lat="44.9530260" lon="-93.0885490"/>
  <node id="961118218" lat="44.9529463" lon="-93.0884417"/>
  <node id="961118219" lat="44.9528400" lon="-93.0882915"/>
  <node id="961118220" lat="44.9527337" lon="-93.0881252"/>
  <node id="961118221" lat="44.9519233" lon="-93.0864700">
    <tag k="highway" v="motorway_junction"/>
    <tag k="ref" v="242D"/>
  </node>
  <node id="961118222" lat="44.9545747" lon="-93.0894149"/>
  <node id="961118223" lat="44.9546399" lon="-93.0895119"/>
  <node id="961118224" lat="44.9546808" lon="-93.0895749"/>
  <node id="961118225" lat="44.9547218" lon="-93.0896470"/>
  <node id="961118226" lat="44.9547556" lon="-93.0897173"/>
  <node id="961118227" lat="44.9547976" lon="-93.0898096"/>
  <node id="961118228" lat="44.9548441" lon="-93.0899376"/>
  <node id="961118229" lat="44.9548925" lon="-93.0900630"/>
  <node id="961118230" lat="44.9549346" lon="-93.0901682"/>
  <node id="961118231" lat="44.9549879" lon="-93.0902888"/>
  <node id="961118232" lat="44.9550550" lon="-93.0904185"/>
  <node id="961118233" lat="44.9530753" lon="-93.0888441"/>
  <node id="961118234" lat="44.9529387" lon="-93.0885973"/>
  <node id="961118235" lat="44.9525666" lon="-93.0879375"/>
  <node id="961118236" lat="44.9541649" lon="-93.0898526"/>
  <node id="961118240" lat="44.9544006" lon="-93.0903127"/>
  <node id="961118241" lat="44.9544395" lon="-93.0904114"/>
  <node id="961118244" lat="44.9545622" lon="-93.0907332"/>
  <node id="961118245" lat="44.9546470" lon="-93.0909511"/>
  <node id="961118246" lat="44.9547445" lon="-93.0911997"/>
  <node id="961118247" lat="44.9547947" lon="-93.0913546"/>
  <node id="961118248" lat="44.9548288" lon="-93.0914845"/>
  <node id="961118249" lat="44.9548571" lon="-93.0916305"/>
  <node id="961118250" lat="44.9548761" lon="-93.0917384"/>
  <node id="961118251" lat="44.9548905" lon="-93.0918635"/>
  <node id="961118252" lat="44.9548972" lon="-93.0919720"/>
  <node id="961118253" lat="44.9549026" lon="-93.0921152"/>
  <node id="961118254" lat="44.9549023" lon="-93.0922546"/>
  <node id="961118255" lat="44.9548930" lon="-93.0923870"/>
  <node id="961118256" lat="44.9548820" lon="-93.0924954"/>
  <node id="961118257" lat="44.9548664" lon="-93.0926039"/>
  <node id="961118258" lat="44.9548352" lon="-93.0927565"/>
  <node id="961118259" lat="44.9547930" lon="-93.0929121"/>
  <node id="961118260" lat="44.9547593" lon="-93.0930139"/>
  <node id="961118261" lat="44.9547247" lon="-93.0931050"/>
  <node id="961118262" lat="44.9546792" lon="-93.0932177"/>
  <node id="961118263" lat="44.9546323" lon="-93.0933179"/>
  <node id="961118264" lat="44.9545856" lon="-93.0934042"/>
  <node id="961118265" lat="44.9545298" lon="-93.0934914"/>
  <node id="961118266" lat="44.9544344" lon="-93.0936291"/>
  <node id="961118267" lat="44.9543585" lon="-93.0937418"/>
  <node id="961118268" lat="44.9542360" lon="-93.0939317"/>
  <node id="961118269" lat="44.9551861" lon="-93.0906089"/>
  <node id="961118270" lat="44.9552658" lon="-93.0906840"/>
  <node id="961118271" lat="44.9553455" lon="-93.0907431"/>
  <node id="961118272" lat="44.9554518" lon="-93.0908074"/>
  <node id="961118273" lat="44.9555295" lon="-93.0908585"/>
  <node id="961118274" lat="44.9556510" lon="-93.0909104"/>
  <node id="961118275" lat="44.9558504" lon="-93.0909523"/>
  <node id="961118276" lat="44.9559887" lon="-93.0909937"/>
  <node id="962133225" lat="44.9516331" lon="-93.0855128"/>
  <node id="962133229" lat="44.9516862" lon="-93.0854592"/>
  <node id="962133237" lat="44.9517356" lon="-93.0854002"/>
  <node id="962133244" lat="44.9517811" lon="-93.0853412"/>
  <node id="962133249" lat="44.9518229" lon="-93.0852822"/>
  <node id="962133254" lat="44.9518690" lon="-93.0852178">
    <tag k="highway" v="traffic_signals"/>
  </node>
  <node id="962133258" lat="44.9519026" lon="-93.0851588"/>
  <node id="962133261" lat="44.9519444" lon="-93.0850837"/>
  <node id="962133265" lat="44.9519823" lon="-93.0850139"/>
  <node id="962133266" lat="44.9520317" lon="-93.0849067"/>
  <node id="962133268" lat="44.9520886" lon="-93.0847725"/>
  <node id="962133270" lat="44.9521418" lon="-93.0846384"/>
  <node id="962133272" lat="44.9521940" lon="-93.0844977"/>
  <node id="962133300" lat="44.9522453" lon="-93.0843614"/>
  <node id="962133302" lat="44.9523036" lon="-93.0842109"/>
  <node id="962133316" lat="44.9524212" lon="-93.0839712"/>
  <node id="962133320" lat="44.9525798" lon="-93.0834287"/>
  <node id="962133322" lat="44.9526272" lon="-93.0832745"/>
  <node id="962133325" lat="44.9526931" lon="-93.0830492"/>
  <node id="962133341" lat="44.9511300" lon="-93.0858065"/>
  <node id="962133353" lat="44.9513118" lon="-93.0858105"/>
  <node id="962133354" lat="44.9513573" lon="-93.0857918"/>
  <node id="962133355" lat="44.9514143" lon="-93.0857703"/>
  <node id="962133356" lat="44.9514627" lon="-93.0857455"/>
  <node id="962133357" lat="44.9515197" lon="-93.0857133"/>
  <node id="962133359" lat="44.9515770" lon="-93.0856764"/>
  <node id="962133360" lat="44.9516378" lon="-93.0856241"/>
  <node id="962133365" lat="44.9521702" lon="-93.0847712"/>
  <node id="962133367" lat="44.9522395" lon="-93.0845741"/>
  <node id="962133370" lat="44.9522774" lon="-93.0844614"/>
  <node id="962133372" lat="44.9523135" lon="-93.0843366"/>
  <node id="962133392" lat="44.9516843" lon="-93.0855812"/>
  <node id="962133394" lat="44.9517413" lon="-93.0855222"/>
  <node id="962133395" lat="44.9517906" lon="-93.0854632"/>
  <node id="962133397" lat="44.9518476" lon="-93.0853935"/>
  <node id="962133399" lat="44.9518931" lon="-93.0853291"/>
  <node id="962133401" lat="44.9519387" lon="-93.0852593"/>
  <node id="962133403" lat="44.9519766" lon="-93.0851950"/>
  <node id="962133406" lat="44.9520184" lon="-93.0851145"/>
  <node id="962133408" lat="44.9520526" lon="-93.0850448"/>
  <node id="962133411" lat="44.9520905" lon="-93.0849589"/>
  <node id="962133414" lat="44.9521323" lon="-93.0848624"/>
  <node id="962133778" lat="44.9527473" lon="-93.0830291"/>
  <node id="962133805" lat="44.9525916" lon="-93.0826589"/>
  <node id="962133846" lat="44.9516349" lon="-93.0856952"/>
  <node id="962133847" lat="44.9515704" lon="-93.0857381"/>
  <node id="962133851" lat="44.9515172" lon="-93.0857703"/>
  <node id="962133855" lat="44.9514413" lon="-93.0858132"/>
  <node id="962133861" lat="44.9513578" lon="-93.0858561"/>
  <node id="962133865" lat="44.9512857" lon="-93.0858883"/>
  <node id="962133870" lat="44.9512135" lon="-93.0859205"/>
  <node id="962133875" lat="44.9511528" lon="-93.0859473"/>
  <node id="962133896" lat="44.9521474" lon="-93.0849334"/>
  <node id="962133898" lat="44.9521095" lon="-93.0850246"/>
  <node id="962133903" lat="44.9520715" lon="-93.0851105"/>
  <node id="962133907" lat="44.9520374" lon="-93.0851802"/>
  <node id="962133920" lat="44.9519956" lon="-93.0852607"/>
  <node id="962133923" lat="44.9519652" lon="-93.0853143"/>
  <node id="962133926" lat="44.9519159" lon="-93.0853894"/>
  <node id="962133931" lat="44.9518627" lon="-93.0854645"/>
  <node id="962133935" lat="44.9517906" lon="-93.0855504"/>
  <node id="962133939" lat="44.9517223" lon="-93.0856201"/>
  <node id="962133967" lat="44.9508339" lon="-93.0856898"/>
  <node id="962133984" lat="44.9513047" lon="-93.0857140"/>
  <node id="962134013" lat="44.9513777" lon="-93.0856778"/>
  <node id="962134018" lat="44.9514384" lon="-93.0856469"/>
  <node id="962134022" lat="44.9515045" lon="-93.0856073"/>
  <node id="962134024" lat="44.9515595" lon="-93.0855684"/>
  <node id="962134421" lat="44.9540114" lon="-93.0903032"/>
  <node id="962134425" lat="44.9539507" lon="-93.0901852"/>
  <node id="962134427" lat="44.9539014" lon="-93.0900779"/>
  <node id="962134429" lat="44.9538368" lon="-93.0899277"/>
  <node id="962134431" lat="44.9537457" lon="-93.0896917"/>
  <node id="962134433" lat="44.9536584" lon="-93.0894878"/>
  <node id="962134435" lat="44.9535939" lon="-93.0893537"/>
  <node id="962134438" lat="44.9535445" lon="-93.0892518"/>
  <node id="962134443" lat="44.9534989" lon="-93.0891552"/>
  <node id="962134449" lat="44.9534458" lon="-93.0890480"/>
  <node id="962134453" lat="44.9533889" lon="-93.0889407"/>
  <node id="962134458" lat="44.9532977" lon="-93.0888012"/>
  <node id="962134464" lat="44.9527207" lon="-93.0879161"/>
  <node id="962134465" lat="44.9525613" lon="-93.0876371"/>
  <node id="962134466" lat="44.9524398" lon="-93.0874118"/>
  <node id="962134468" lat="44.9523676" lon="-93.0872723"/>
  <node id="962134469" lat="44.9523145" lon="-93.0871650"/>
  <node id="962134484" lat="44.9522575" lon="-93.0870417"/>
  <node id="962134489" lat="44.9522120" lon="-93.0869290"/>
  <node id="962134495" lat="44.9521740" lon="-93.0868271"/>
  <node id="962134497" lat="44.9521474" lon="-93.0867466"/>
  <node id="962134500" lat="44.9521133" lon="-93.0866447"/>
  <node id="962134501" lat="44.9520791" lon="-93.0865106"/>
  <node id="962134505" lat="44.9520487" lon="-93.0863926"/>
  <node id="962134507" lat="44.9520260" lon="-93.0862745"/>
  <node id="962134510" lat="44.9520070" lon="-93.0861780"/>
  <node id="962134514" lat="44.9519880" lon="-93.0860600"/>
  <node id="962134518" lat="44.9519728" lon="-93.0859527"/>
  <node id="962134521" lat="44.9519614" lon="-93.0858615"/>
  <node id="962134524" lat="44.9519500" lon="-93.0857381"/>
  <node id="962134528" lat="44.9519424" lon="-93.0856308"/>
  <node id="962134532" lat="44.9519349" lon="-93.0855128"/>
  <node id="962134647" lat="44.9518551" lon="-93.0860761"/>
  <node id="962134652" lat="44.9518399" lon="-93.0859312"/>
  <node id="962134654" lat="44.9518286" lon="-93.0857810"/>
  <node id="962134658" lat="44.9518210" lon="-93.0856576"/>
  <node id="962134661" lat="44.9518134" lon="-93.0854752"/>
  <node id="962134667" lat="44.9518096" lon="-93.0853090"/>
  <node id="962134670" lat="44.9518134" lon="-93.0851480"/>
  <node id="962134675" lat="44.9518210" lon="-93.0849925"/>
  <node id="962134677" lat="44.9518323" lon="-93.0848691"/>
  <node id="962134679" lat="44.9518513" lon="-93.0847296"/>
  <node id="962134681" lat="44.9518741" lon="-93.0845955"/>
  <node id="962134683" lat="44.9519007" lon="-93.0844560"/>
  <node id="962134702" lat="44.9519311" lon="-93.0843219"/>
  <node id="962134708" lat="44.9519614" lon="-93.0841878"/>
  <node id="962134713" lat="44.9519994" lon="-93.0840483"/>
  <node id="962135289" lat="44.9527169" lon="-93.0831256"/>
  <node id="962135314" lat="44.9525992" lon="-93.0835441"/>
  <node id="962135317" lat="44.9525170" lon="-93.0838546"/>
  <node id="962135322" lat="44.9524565" lon="-93.0840759"/>
  <node id="962135326" lat="44.9524079" lon="-93.0842540"/>
  <node id="962135330" lat="44.9523722" lon="-93.0843785"/>
  <node id="962135340" lat="44.9522705" lon="-93.0846030"/>
  <node id="962135345" lat="44.9522044" lon="-93.0847779"/>
  <node id="962135422" lat="44.9517950" lon="-93.0862108"/>
  <node id="962135426" lat="44.9517616" lon="-93.0860418"/>
  <node id="962135434" lat="44.9517071" lon="-93.0856308"/>
  <node id="962135437" lat="44.9516881" lon="-93.0853411"/>
  <node id="962135439" lat="44.9516843" lon="-93.0851695"/>
  <node id="962135441" lat="44.9516843" lon="-93.0850193"/>
  <node id="962135444" lat="44.9516919" lon="-93.0848691"/>
  <node id="962135445" lat="44.9517071" lon="-93.0847135"/>
  <node id="962135451" lat="44.9517260" lon="-93.0845579"/>
  <node id="962135455" lat="44.9517526" lon="-93.0844077"/>
  <node id="962135549" lat="44.9527828" lon="-93.0827380"/>
  <node id="962135685" lat="44.9532484" lon="-93.0894503"/>
  <node id="962135691" lat="44.9531687" lon="-93.0893215"/>
  <node id="962135696" lat="44.9530548" lon="-93.0891338"/>
  <node id="962135699" lat="44.9529219" lon="-93.0889031"/>
  <node id="962135703" lat="44.9527701" lon="-93.0886403"/>
  <node id="962135707" lat="44.9526372" lon="-93.0884203"/>
  <node id="962135709" lat="44.9525461" lon="-93.0882701"/>
  <node id="962135710" lat="44.9524550" lon="-93.0881306"/>
  <node id="962135714" lat="44.9523980" lon="-93.0880502"/>
  <node id="962135719" lat="44.9523411" lon="-93.0879804"/>
  <node id="962135723" lat="44.9522879" lon="-93.0879161"/>
  <node id="962135728" lat="44.9522348" lon="-93.0878624"/>
  <node id="962135731" lat="44.9521816" lon="-93.0878195"/>
  <node id="962135739" lat="44.9521247" lon="-93.0877873"/>
  <node id="962135771" lat="44.9520715" lon="-93.0877605"/>
  <node id="962135775" lat="44.9520222" lon="-93.0877390"/>
  <node id="962135782" lat="44.9519728" lon="-93.0877229"/>
  <node id="962136235" lat="44.9536774" lon="-93.0907431"/>
  <node id="1003350946" lat="44.9522935" lon="-93.0846944"/>
  <node id="1003350948" lat="44.9523474" lon="-93.0836309"/>
  <node id="1003350983" lat="44.9519617" lon="-93.0848427"/>
  <node id="1003350985" lat="44.9519883" lon="-93.0846818"/>
  <node id="1068314145" lat="44.9538946" lon="-93.0794859">
    <tag k="highway" v="motorway_junction"/>
    <tag k="ref" v="243"/>
  </node>
  <node id="1068314151" lat="44.9534432" lon="-93.0806323"/>
  <node id="1200569479" lat="44.9579838" lon="-93.0916453">
    <tag k="highway" v="traffic_signals"/>
    <tag k="traffic_signals" v="signal"/>
  </node>
  <node id="1305194892" lat="44.9510161" lon="-93.0860203"/>
  <node id="1305194895" lat="44.9510360" lon="-93.0860049"/>
  <node id="1305194902" lat="44.9520301" lon="-93.0834838"/>
  <node id="1305194910" lat="44.9510858" lon="-93.0859794"/>
  <node id="1305194921" lat="44.9510571" lon="-93.0859927"/>
  <node id="1305194923" lat="44.9510095" lon="-93.0860251"/>
  <node id="1305265162" lat="44.9515612" lon="-93.0689695"/>
  <node id="1332534933" lat="44.9522572" lon="-93.0873640"/>
  <node id="1332534935" lat="44.9520875" lon="-93.0832100"/>
  <node id="1332534946" lat="44.9520704" lon="-93.0833325"/>
  <node id="1332534961" lat="44.9520250" lon="-93.0826158"/>
  <node id="1332534963" lat="44.9520565" lon="-93.0827240"/>
  <node id="1332535008" lat="44.9520782" lon="-93.0828553"/>
  <node id="1332535108" lat="44.9524118" lon="-93.0876550"/>
  <node id="1332535116" lat="44.9520897" lon="-93.0829865"/>
  <node id="1553167767" lat="44.9517333" lon="-93.0876813"/>
  <node id="1763298872" lat="44.9532505" lon="-93.0789984"/>
  <node id="1763298875" lat="44.9534901" lon="-93.0792203"/>
  <node id="1763298877" lat="44.9536886" lon="-93.0790661"/>
  <node id="1763298878" lat="44.9538036" lon="-93.0790462"/>
  <node id="1763298879" lat="44.9539530" lon="-93.0790639"/>
  <node id="1763298880" lat="44.9540054" lon="-93.0805210"/>
  <node id="1763298881" lat="44.9541892" lon="-93.0792332"/>
  <node id="1763298882" lat="44.9541692" lon="-93.0800981"/>
  <node id="1763298883" lat="44.9542470" lon="-93.0793277"/>
  <node id="1763298884" lat="44.9542868" lon="-93.0797386"/>
  <node id="1763298885" lat="44.9543006" lon="-93.0794769"/>
  <node id="1763305124" lat="44.9520645" lon="-93.0843701"/>
  <node id="1763305125" lat="44.9521171" lon="-93.0841800"/>
  <node id="1763305126" lat="44.9521896" lon="-93.0839486"/>
  <node id="1763305127" lat="44.9522575" lon="-93.0837932"/>
  <node id="1763306840" lat="44.9524188" lon="-93.0814763"/>
  <node id="1763320865" lat="44.9538072" lon="-93.0792975"/>
  <node id="1763320869" lat="44.9539455" lon="-93.0789150"/>
  <node id="1763320873" lat="44.9540719" lon="-93.0785427"/>
  <node id="1763320880" lat="44.9542400" lon="-93.0783557"/>
  <node id="1763320885" lat="44.9543378" lon="-93.0779362"/>
  <node id="1800566325" lat="44.9520814" lon="-93.0816371"/>
  <node id="1888749454" lat="44.9518722" lon="-93.0877143"/>
  <node id="1894068488" lat="44.9517872" lon="-93.0970376"/>
  <node id="1894068489" lat="44.9523954" lon="-93.0960047"/>
  <node id="1894068490" lat="44.9533779" lon="-93.0896647"/>
  <node id="1894068491" lat="44.9534906" lon="-93.0898643"/>
  <node id="1906215028" lat="44.9529328" lon="-93.0938773">
    <tag k="crossing" v="traffic_signals"/>
    <tag k="highway" v="crossing"/>
  </node>
  <node id="1906215029" lat="44.9529486" lon="-93.0938862">
    <tag k="crossing" v="traffic_signals"/>
    <tag k="highway" v="crossing"/>
  </node>
  <node id="1989727149" lat="44.9503486" lon="-93.0049571"/>
  <node id="2011245795" lat="44.9523609" lon="-93.0853585"/>
  <node id="2011245799" lat="44.9528777" lon="-93.0833051"/>
  <node id="2045579040" lat="44.9550807" lon="-93.0794102"/>
  <node id="2074169230" lat="44.9498659" lon="-93.0051306">
    <tag k="crossing" v="unmarked"/>
    <tag k="crossing:markings" v="no"/>
    <tag k="highway" v="crossing"/>
  </node>
  <node id="2091677346" lat="44.9527865" lon="-93.0937728"/>
  <node id="2091677349" lat="44.9528281" lon="-93.0937723"/>
  <node id="2091677351" lat="44.9528425" lon="-93.0937688">
    <tag k="crossing" v="marked"/>
    <tag k="crossing:markings" v="yes"/>
    <tag k="highway" v="crossing"/>
  </node>
  <node id="2091677354" lat="44.9529188" lon="-93.0937262"/>
  <node id="2091677356" lat="44.9529832" lon="-93.0936335"/>
  <node id="2091677359" lat="44.9531339" lon="-93.0933604"/>
  <node id="2099050027" lat="44.9542992" lon="-93.0900970"/>
  <node id="2099050077" lat="44.9544621" lon="-93.0925154"/>
  <node id="2099050082" lat="44.9545121" lon="-93.0911463"/>
  <node id="2099050083" lat="44.9545121" lon="-93.0921540"/>
  <node id="2291969928" lat="44.9511177" lon="-93.0813349"/>
  <node id="2291969933" lat="44.9525744" lon="-93.0813160"/>
  <node id="2291969936" lat="44.9526462" lon="-93.0811995"/>
  <node id="2291969937" lat="44.9527076" lon="-93.0810806"/>
  <node id="2291969939" lat="44.9527926" lon="-93.0814985"/>
  <node id="2291969943" lat="44.9538319" lon="-93.0785697"/>
  <node id="2291969944" lat="44.9539233" lon="-93.0786212"/>
  <node id="2292977515" lat="44.9518700" lon="-93.0820469"/>
  <node id="2292977517" lat="44.9520107" lon="-93.0821231"/>
  <node id="2292977523" lat="44.9525588" lon="-93.0824203"/>
  <node id="2293014133" lat="44.9527608" lon="-93.0813263"/>
  <node id="2293014134" lat="44.9528366" lon="-93.0811835"/>
  <node id="2548150957" lat="44.9430583" lon="-93.0770266"/>
  <node id="2674288818" lat="44.9476687" lon="-92.9858124"/>
  <node id="2674288825" lat="44.9481712" lon="-92.9836721"/>
  <node id="2674288826" lat="44.9482393" lon="-92.9832582"/>
  <node id="2674288827" lat="44.9482916" lon="-92.9826609"/>
  <node id="2674288829" lat="44.9483058" lon="-92.9820076"/>
  <node id="2674288830" lat="44.9486843" lon="-92.9840503"/>
  <node id="2735588426" lat="44.9425882" lon="-93.0771016"/>
  <node id="2847019806" lat="44.9580447" lon="-93.0915971">
    <tag k="crossing" v="marked"/>
    <tag k="crossing:markings" v="yes"/>
    <tag k="highway" v="crossing"/>
  </node>
  <node id="2960204793" lat="44.9515152" lon="-93.0682587"/>
  <node id="2960204952" lat="44.9517348" lon="-93.0645087"/>
  <node id="2960204958" lat="44.9517437" lon="-93.0662667"/>
  <node id="2960204983" lat="44.9518807" lon="-93.0506718"/>
  <node id="2960204989" lat="44.9519138" lon="-93.0502953"/>
  <node id="2960205037" lat="44.9521150" lon="-93.0682917"/>
  <node id="2960205050" lat="44.9521618" lon="-93.0687358"/>
  <node id="2960205077" lat="44.9522428" lon="-93.0692061"/>
  <node id="2960205119" lat="44.9523619" lon="-93.0696889"/>
  <node id="2960205149" lat="44.9524685" lon="-93.0477223"/>
  <node id="2960205160" lat="44.9525103" lon="-93.0701386"/>
  <node id="2960205167" lat="44.9525275" lon="-93.0470967"/>
  <node id="2960205170" lat="44.9525499" lon="-93.0441000"/>
  <node id="2960205176" lat="44.9525792" lon="-93.0414504"/>
  <node id="2960205181" lat="44.9526369" lon="-93.0451982"/>
  <node id="2960205184" lat="44.9526427" lon="-93.0417362"/>
  <node id="2960205185" lat="44.9526430" lon="-93.0704696"/>
  <node id="2960205194" lat="44.9527128" lon="-93.0441273"/>
  <node id="2960205197" lat="44.9527237" lon="-93.0416242"/>
  <node id="2960205209" lat="44.9527955" lon="-93.0422178"/>
  <node id="2960205211" lat="44.9528005" lon="-93.0417837"/>
  <node id="2960205213" lat="44.9528022" lon="-93.0708020"/>
  <node id="2960205214" lat="44.9528047" lon="-93.0408466"/>
  <node id="2960205220" lat="44.9528232" lon="-93.0417842"/>
  <node id="2960205269" lat="44.9530267" lon="-93.0711882"/>
  <node id="2960205305" lat="44.9532570" lon="-93.0715165"/>
  <node id="2960205375" lat="44.9541614" lon="-93.0729492"/>
  <node id="2960205382" lat="44.9543141" lon="-93.0727633"/>
  <node id="2960205384" lat="44.9543284" lon="-93.0732466"/>
  <node id="2960205392" lat="44.9546284" lon="-93.0732461"/>
  <node id="2960205393" lat="44.9546328" lon="-93.0740893"/>
  <node id="2960205395" lat="44.9547074" lon="-93.0781903"/>
  <node id="2960205398" lat="44.9547397" lon="-93.0757316"/>
  <node id="2960205399" lat="44.9547522" lon="-93.0748257"/>
  <node id="2960205400" lat="44.9547601" lon="-93.0780454"/>
  <node id="2960205401" lat="44.9547627" lon="-93.0768878"/>
  <node id="2960205402" lat="44.9547641" lon="-93.0754047"/>
  <node id="2960205403" lat="44.9547670" lon="-93.0751399"/>
  <node id="2960205406" lat="44.9548082" lon="-93.0766635"/>
  <node id="2960205407" lat="44.9548319" lon="-93.0783054"/>
  <node id="2960205409" lat="44.9549007" lon="-93.0761817"/>
  <node id="2960205410" lat="44.9549256" lon="-93.0760783"/>
  <node id="2960205412" lat="44.9549532" lon="-93.0759847"/>
  <node id="2960205413" lat="44.9549686" lon="-93.0779481"/>
  <node id="2960205414" lat="44.9549849" lon="-93.0758881"/>
  <node id="2960205416" lat="44.9550574" lon="-93.0779909"/>
  <node id="2960205418" lat="44.9550857" lon="-93.0756560"/>
  <node id="3472300713" lat="44.9549940" lon="-93.0771958"/>
  <node id="3472300720" lat="44.9550296" lon="-93.0770178"/>
  <node id="3472300721" lat="44.9550342" lon="-93.0741906"/>
  <node id="3472300729" lat="44.9550713" lon="-93.0746515"/>
  <node id="3472300733" lat="44.9550905" lon="-93.0766492"/>
  <node id="3472300734" lat="44.9550960" lon="-93.0748044"/>
  <node id="3472300736" lat="44.9550977" lon="-93.0775082"/>
  <node id="3472300745" lat="44.9551319" lon="-93.0745479"/>
  <node id="3472300746" lat="44.9551357" lon="-93.0762303"/>
  <node id="3472300747" lat="44.9551378" lon="-93.0751710"/>
  <node id="3472300749" lat="44.9551463" lon="-93.0773108"/>
  <node id="3472300750" lat="44.9551501" lon="-93.0760243"/>
  <node id="3472300752" lat="44.9551576" lon="-93.0756122"/>
  <node id="3472300753" lat="44.9551771" lon="-93.0747540"/>
  <node id="3472300759" lat="44.9552195" lon="-93.0769451"/>
  <node id="3472300764" lat="44.9552647" lon="-93.0753218"/>
  <node id="3472300766" lat="44.9552723" lon="-93.0765398"/>
  <node id="3472300767" lat="44.9552948" lon="-93.0757862"/>
  <node id="3472300768" lat="44.9552955" lon="-93.0761732"/>
  <node id="3889861265" lat="44.9507688" lon="-93.0814513"/>
  <node id="3889861267" lat="44.9527742" lon="-93.0826258"/>
  <node id="4505366428" lat="44.9409150" lon="-93.0756135"/>
  <node id="5151759778" lat="44.9436367" lon="-93.0776877"/>
  <node id="5151759779" lat="44.9439550" lon="-93.0778062">
    <tag k="highway" v="motorway_junction"/>
    <tag k="ref" v="130"/>
  </node>
  <node id="6010659345" lat="44.9531562" lon="-93.0830692"/>
  <node id="6779270751" lat="44.9586584" lon="-93.0906751"/>
  <node id="6779270752" lat="44.9591142" lon="-93.0906162"/>
  <node id="6779270753" lat="44.9597243" lon="-93.0905461"/>
  <node id="6779270754" lat="44.9601758" lon="-93.0905073"/>
  <node id="6779270755" lat="44.9605219" lon="-93.0904785"/>
  <node id="6779270765" lat="44.9589226" lon="-93.0908810">
    <tag k="highway" v="motorway_junction"/>
    <tag k="ref" v="107B"/>
  </node>
  <node id="6779270766" lat="44.9583136" lon="-93.0909469">
    <tag k="highway" v="motorway_junction"/>
    <tag k="ref" v="107A"/>
  </node>
  <node id="6779270770" lat="44.9586440" lon="-93.0904904"/>
  <node id="6779270771" lat="44.9591062" lon="-93.0904493"/>
  <node id="6779270772" lat="44.9597093" lon="-93.0904047"/>
  <node id="6779270773" lat="44.9601715" lon="-93.0903833"/>
  <node id="6779270774" lat="44.9604588" lon="-93.0903712"/>
  <node id="6779270775" lat="44.9614376" lon="-93.0907045">
    <tag k="highway" v="motorway_junction"/>
    <tag k="ref" v="107C"/>
  </node>
  <node id="6779281885" lat="44.9587628" lon="-93.0909996"/>
  <node id="6779281887" lat="44.9586600" lon="-93.0910141"/>
  <node id="6779281888" lat="44.9585297" lon="-93.0910359"/>
  <node id="6779281889" lat="44.9583858" lon="-93.0910553"/>
  <node id="6779281890" lat="44.9576527" lon="-93.0910100"/>
  <node id="6779281892" lat="44.9616113" lon="-93.0903675"/>
  <node id="6779994200" lat="44.9608137" lon="-93.0909330"/>
  <node id="6779994202" lat="44.9604951" lon="-93.0909690"/>
  <node id="6779994203" lat="44.9603363" lon="-93.0909928"/>
  <node id="6779994204" lat="44.9600808" lon="-93.0910237"/>
  <node id="6779994205" lat="44.9597430" lon="-93.0910828"/>
  <node id="6779994206" lat="44.9594807" lon="-93.0911002"/>
  <node id="6779994207" lat="44.9591571" lon="-93.0911209"/>
  <node id="6779994208" lat="44.9588752" lon="-93.0911383"/>
  <node id="6779994209" lat="44.9587575" lon="-93.0911521"/>
  <node id="6779994210" lat="44.9586840" lon="-93.0911556"/>
  <node id="6779994211" lat="44.9586325" lon="-93.0911625"/>
  <node id="6900229177" lat="44.9483825" lon="-92.9504058"/>
  <node id="6900818744" lat="44.9484989" lon="-92.9595158"/>
  <node id="6900818745" lat="44.9484564" lon="-92.9635829"/>
  <node id="6900818746" lat="44.9484474" lon="-92.9632782"/>
  <node id="6900818747" lat="44.9484296" lon="-92.9631036"/>
  <node id="6900818748" lat="44.9484013" lon="-92.9628995"/>
  <node id="6900818749" lat="44.9483611" lon="-92.9626590"/>
  <node id="6900818750" lat="44.9483271" lon="-92.9624904"/>
  <node id="6900818751" lat="44.9483019" lon="-92.9623821"/>
  <node id="6900818752" lat="44.9482603" lon="-92.9622258"/>
  <node id="6900818753" lat="44.9482078" lon="-92.9620680"/>
  <node id="6900818754" lat="44.9481640" lon="-92.9619350"/>
  <node id="6900818755" lat="44.9481158" lon="-92.9618128"/>
  <node id="6900818756" lat="44.9480676" lon="-92.9617014"/>
  <node id="6900818757" lat="44.9480107" lon="-92.9615776"/>
  <node id="6900818758" lat="44.9479176" lon="-92.9614012"/>
  <node id="6900818759" lat="44.9478136" lon="-92.9612326"/>
  <node id="6900818760" lat="44.9476066" lon="-92.9609170"/>
  <node id="6900818761" lat="44.9474194" lon="-92.9606741"/>
  <node id="6900818762" lat="44.9472278" lon="-92.9604157"/>
  <node id="6900818763" lat="44.9470964" lon="-92.9602518"/>
  <node id="6900818764" lat="44.9470066" lon="-92.9601574"/>
  <node id="6900818765" lat="44.9468796" lon="-92.9600336"/>
  <node id="6900818766" lat="44.9467788" lon="-92.9599330"/>
  <node id="6900818767" lat="44.9466803" lon="-92.9598541"/>
  <node id="6900818768" lat="44.9465719" lon="-92.9597722"/>
  <node id="6900818769" lat="44.9464701" lon="-92.9597087"/>
  <node id="6900818770" lat="44.9463781" lon="-92.9596530"/>
  <node id="6900818771" lat="44.9463014" lon="-92.9596190"/>
  <node id="6900818772" lat="44.9462204" lon="-92.9595757"/>
  <node id="6900818773" lat="44.9461481" lon="-92.9595447"/>
  <node id="6900818774" lat="44.9460310" lon="-92.9594968"/>
  <node id="6900818775" lat="44.9459105" lon="-92.9594627"/>
  <node id="6900818776" lat="44.9458174" lon="-92.9594395"/>
  <node id="6900818777" lat="44.9455941" lon="-92.9594117"/>
  <node id="6900818778" lat="44.9451866" lon="-92.9593735"/>
  <node id="6900818779" lat="44.9446093" lon="-92.9593458"/>
  <node id="6900818816" lat="44.9521060" lon="-92.9588512">
    <tag k="highway" v="motorway_junction"/>
    <tag k="ref" v="58A"/>
  </node>
  <node id="6900818817" lat="44.9519512" lon="-92.9589357"/>
  <node id="6900818818" lat="44.9518752" lon="-92.9589608"/>
  <node id="6900818819" lat="44.9517339" lon="-92.9590097"/>
  <node id="6900818820" lat="44.9515697" lon="-92.9590767"/>
  <node id="6900818821" lat="44.9514500" lon="-92.9591369"/>
  <node id="6900818822" lat="44.9513491" lon="-92.9591835"/>
  <node id="6900818823" lat="44.9512985" lon="-92.9592074"/>
  <node id="6900818824" lat="44.9512249" lon="-92.9592466"/>
  <node id="6900818825" lat="44.9511340" lon="-92.9592955"/>
  <node id="6900818826" lat="44.9510501" lon="-92.9593511"/>
  <node id="6900818827" lat="44.9509780" lon="-92.9593995"/>
  <node id="6900818828" lat="44.9509109" lon="-92.9594541"/>
  <node id="6900818829" lat="44.9508322" lon="-92.9595118"/>
  <node id="6900818830" lat="44.9507688" lon="-92.9595705"/>
  <node id="6900818831" lat="44.9506842" lon="-92.9596539"/>
  <node id="6900818832" lat="44.9505749" lon="-92.9597569"/>
  <node id="6900818833" lat="44.9505100" lon="-92.9598218"/>
  <node id="6900818834" lat="44.9504342" lon="-92.9599238"/>
  <node id="6900818835" lat="44.9503383" lon="-92.9600576"/>
  <node id="6900818836" lat="44.9501464" lon="-92.9603213"/>
  <node id="6900818837" lat="44.9495484" lon="-92.9611974"/>
  <node id="6900818838" lat="44.9494573" lon="-92.9613484"/>
  <node id="6900818839" lat="44.9493990" lon="-92.9614393"/>
  <node id="6900818840" lat="44.9493257" lon="-92.9615890"/>
  <node id="6900818841" lat="44.9492671" lon="-92.9617121"/>
  <node id="6900818842" lat="44.9492084" lon="-92.9618669"/>
  <node id="6900818843" lat="44.9491325" lon="-92.9620802"/>
  <node id="6900818844" lat="44.9490695" lon="-92.9622765"/>
  <node id="6900818845" lat="44.9490324" lon="-92.9624130"/>
  <node id="6900818846" lat="44.9489875" lon="-92.9626080"/>
  <node id="6900818847" lat="44.9489573" lon="-92.9627628"/>
  <node id="6900818848" lat="44.9489168" lon="-92.9629981"/>
  <node id="6900818849" lat="44.9488961" lon="-92.9631943"/>
  <node id="6900818850" lat="44.9488814" lon="-92.9633784"/>
  <node id="6900818851" lat="44.9488127" lon="-92.9642882"/>
  <node id="6978577215" lat="44.9521574" lon="-93.0670792"/>
  <node id="6978577216" lat="44.9521640" lon="-93.0673380"/>
  <node id="6978577217" lat="44.9522039" lon="-93.0678664"/>
  <node id="6978577218" lat="44.9522295" lon="-93.0680703"/>
  <node id="6978577219" lat="44.9522637" lon="-93.0682714"/>
  <node id="6978577220" lat="44.9522978" lon="-93.0684444"/>
  <node id="6978577221" lat="44.9523424" lon="-93.0686429"/>
  <node id="6978577222" lat="44.9523861" lon="-93.0688092"/>
  <node id="6978577223" lat="44.9524393" lon="-93.0689956"/>
  <node id="6978577225" lat="44.9526319" lon="-93.0695240"/>
  <node id="6978577226" lat="44.9527866" lon="-93.0698606"/>
  <node id="6978577230" lat="44.9526499" lon="-93.0700440"/>
  <node id="6978577233" lat="44.9527038" lon="-93.0699305"/>
  <node id="6978577234" lat="44.9527145" lon="-93.0698358"/>
  <node id="6978586127" lat="44.9515779" lon="-93.0268537"/>
  <node id="6978586129" lat="44.9516129" lon="-93.0264975"/>
  <node id="6978586131" lat="44.9516861" lon="-93.0258140"/>
  <node id="6978586133" lat="44.9517043" lon="-93.0252348">
    <tag k="highway" v="traffic_signals"/>
    <tag k="traffic_signals" v="signal"/>
  </node>
  <node id="6978586136" lat="44.9516841" lon="-93.0243684"/>
  <node id="6978586173" lat="44.9518370" lon="-93.0178168"/>
  <node id="6978586174" lat="44.9518616" lon="-93.0174815"/>
  <node id="6978586176" lat="44.9518872" lon="-93.0169960"/>
  <node id="6978586177" lat="44.9518984" lon="-93.0160896"/>
  <node id="7157042933" lat="44.9489456" lon="-92.9858120">
    <tag k="crossing" v="marked"/>
    <tag k="crossing:island" v="yes"/>
    <tag k="crossing:markings" v="zebra"/>
    <tag k="highway" v="crossing"/>
    <tag k="tactile_paving" v="yes"/>
  </node>
  <node id="7157042941" lat="44.9477558" lon="-92.9853203">
    <tag k="button_operated" v="yes"/>
    <tag k="crossing" v="traffic_signals"/>
    <tag k="crossing:island" v="no"/>
    <tag k="crossing:markings" v="zebra"/>
    <tag k="highway" v="crossing"/>
    <tag k="tactile_paving" v="yes"/>
  </node>
  <node id="7185941820" lat="44.9533277" lon="-93.0795121"/>
  <node id="7185941822" lat="44.9526864" lon="-93.0814314"/>
  <node id="7185941823" lat="44.9521798" lon="-93.0817048"/>
  <node id="7185941826" lat="44.9522268" lon="-93.0822215"/>
  <node id="7185941827" lat="44.9521722" lon="-93.0871875"/>
  <node id="7185941828" lat="44.9518932" lon="-93.0823453"/>
  <node id="7185941829" lat="44.9524912" lon="-93.0826952"/>
  <node id="7185941832" lat="44.9534465" lon="-93.0816292"/>
  <node id="7185941844" lat="44.9519637" lon="-93.0824674"/>
  <node id="7185941848" lat="44.9536492" lon="-93.0785242"/>
  <node id="7185941852" lat="44.9526807" lon="-93.0825333"/>
  <node id="7185941853" lat="44.9517582" lon="-93.0817328"/>
  <node id="7185941856" lat="44.9522360" lon="-93.0818343"/>
  <node id="7185941857" lat="44.9517558" lon="-93.0816525"/>
  <node id="7185941859" lat="44.9523300" lon="-93.0816809"/>
  <node id="7185941860" lat="44.9518655" lon="-93.0816903"/>
  <node id="7185941866" lat="44.9523021" lon="-93.0822592"/>
  <node id="7185941867" lat="44.9529378" lon="-93.0808980"/>
  <node id="7185941868" lat="44.9517094" lon="-93.0816311"/>
  <node id="7185941870" lat="44.9523137" lon="-93.0824046"/>
  <node id="7185941871" lat="44.9517556" lon="-93.0821762"/>
  <node id="7185941872" lat="44.9524038" lon="-93.0825239"/>
  <node id="7185941874" lat="44.9527478" lon="-93.0809832"/>
  <node id="7185941875" lat="44.9533783" lon="-93.0817899"/>
  <node id="7185941876" lat="44.9531978" lon="-93.0833985"/>
  <node id="7185941877" lat="44.9520929" lon="-93.0831003"/>
  <node id="7185941878" lat="44.9525366" lon="-93.0830809"/>
  <node id="7185941881" lat="44.9535965" lon="-93.0785312"/>
  <node id="7185941882" lat="44.9520821" lon="-93.0869698"/>
  <node id="7186059386" lat="44.9536406" lon="-93.0790897"/>
  <node id="7186059387" lat="44.9521604" lon="-93.0821897"/>
  <node id="7186059388" lat="44.9523758" lon="-93.0823017"/>
  <node id="7186059389" lat="44.9524620" lon="-93.0823556"/>
  <node id="7186059394" lat="44.9515896" lon="-93.0815718"/>
  <node id="7186059397" lat="44.9519418" lon="-93.0824247"/>
  <node id="7186059400" lat="44.9515026" lon="-93.0815309">
    <tag k="highway" v="motorway_junction"/>
    <tag k="unsigned_ref" v="131B"/>
  </node>
  <node id="7186059403" lat="44.9518577" lon="-93.0822926"/>
  <node id="7186059404" lat="44.9518228" lon="-93.0822464"/>
  <node id="7186059409" lat="44.9525113" lon="-93.0827735"/>
  <node id="7186059417" lat="44.9527993" lon="-93.0808023"/>
  <node id="7186059420" lat="44.9529457" lon="-93.0812165"/>
  <node id="7186059421" lat="44.9531086" lon="-93.0825394"/>
  <node id="7186059426" lat="44.9518018" lon="-93.0816698"/>
  <node id="7186059427" lat="44.9535565" lon="-93.0791444"/>
  <node id="7186059431" lat="44.9523362" lon="-93.0815361"/>
  <node id="7186059439" lat="44.9524154" lon="-93.0816476"/>
  <node id="7186059441" lat="44.9537343" lon="-93.0785330"/>
  <node id="7186059443" lat="44.9519311" lon="-93.0818039"/>
  <node id="7186059446" lat="44.9506302" lon="-93.0810752"/>
  <node id="7186059447" lat="44.9517046" lon="-93.0817045"/>
  <node id="7186059450" lat="44.9527086" lon="-93.0816086"/>
  <node id="7186059454" lat="44.9517213" lon="-93.0821438"/>
  <node id="7186059456" lat="44.9534272" lon="-93.0786255"/>
  <node id="7186059458" lat="44.9525433" lon="-93.0813579"/>
  <node id="7186059459" lat="44.9525950" lon="-93.0815295"/>
  <node id="7186059461" lat="44.9526359" lon="-93.0814906"/>
  <node id="7186059464" lat="44.9538041" lon="-93.0785566"/>
  <node id="7186059466" lat="44.9531675" lon="-93.0823615"/>
  <node id="7186059468" lat="44.9533687" lon="-93.0786948"/>
  <node id="7186059473" lat="44.9524797" lon="-93.0814238"/>
  <node id="7186059477" lat="44.9528883" lon="-93.0810507"/>
  <node id="7186059479" lat="44.9518519" lon="-93.0817739"/>
  <node id="7186059480" lat="44.9523234" lon="-93.0818310"/>
  <node id="7186059481" lat="44.9535527" lon="-93.0785429"/>
  <node id="7186059483" lat="44.9534815" lon="-93.0785785"/>
  <node id="7186059484" lat="44.9536961" lon="-93.0785256"/>
  <node id="7186059485" lat="44.9522415" lon="-93.0815879"/>
  <node id="7186059487" lat="44.9521432" lon="-93.0818353"/>
  <node id="7186059488" lat="44.9521965" lon="-93.0822841"/>
  <node id="7186059489" lat="44.9520648" lon="-93.0818303"/>
  <node id="7186059491" lat="44.9516689" lon="-93.0820993"/>
  <node id="7186059494" lat="44.9528686" lon="-93.0813595"/>
  <node id="7186059496" lat="44.9533414" lon="-93.0787367"/>
  <node id="7186059500" lat="44.9533073" lon="-93.0788060"/>
  <node id="7186059501" lat="44.9524278" lon="-93.0818052"/>
  <node id="7186059504" lat="44.9521002" lon="-93.0817123"/>
  <node id="7186059506" lat="44.9532671" lon="-93.0796964"/>
  <node id="7186059507" lat="44.9523468" lon="-93.0824440"/>
  <node id="7186059514" lat="44.9525284" lon="-93.0817551"/>
  <node id="7186059516" lat="44.9524876" lon="-93.0816065"/>
  <node id="7186059518" lat="44.9520017" lon="-93.0825536"/>
  <node id="7186059519" lat="44.9521675" lon="-93.0816160"/>
  <node id="7186059520" lat="44.9526160" lon="-93.0816911"/>
  <node id="7186059521" lat="44.9515772" lon="-93.0816388"/>
  <node id="7186059522" lat="44.9533018" lon="-93.0795853"/>
  <node id="7186059523" lat="44.9516524" lon="-93.0816010"/>
  <node id="7186059524" lat="44.9522547" lon="-93.0823404"/>
  <node id="7186059526" lat="44.9522652" lon="-93.0816991"/>
  <node id="7186059528" lat="44.9532841" lon="-93.0788682"/>
  <node id="7186059529" lat="44.9534292" lon="-93.0793138"/>
  <node id="7186059530" lat="44.9520015" lon="-93.0818205"/>
  <node id="7186059532" lat="44.9527713" lon="-93.0809078"/>
  <node id="7186059539" lat="44.9533685" lon="-93.0794219"/>
  <node id="7186325266" lat="44.9533198" lon="-93.0813040"/>
  <node id="7186325267" lat="44.9534422" lon="-93.0809908"/>
  <node id="7186988791" lat="44.9414972" lon="-93.0760575"/>
  <node id="7186988792" lat="44.9486721" lon="-93.0803296"/>
  <node id="7186988798" lat="44.9411803" lon="-93.0758240"/>
  <node id="7186988806" lat="44.9416379" lon="-93.0761497"/>
  <node id="7186988809" lat="44.9413758" lon="-93.0759714"/>
  <node id="7186988814" lat="44.9426771" lon="-93.0767542"/>
  <node id="7186988815" lat="44.9427877" lon="-93.0768235"/>
  <node id="7186988823" lat="44.9420607" lon="-93.0764057"/>
  <node id="7186988827" lat="44.9418308" lon="-93.0762705"/>
  <node id="7186988829" lat="44.9475875" lon="-93.0797494"/>
  <node id="7186988843" lat="44.9455156" lon="-93.0783499"/>
  <node id="7186988852" lat="44.9447781" lon="-93.0782465"/>
  <node id="8086577583" lat="44.9525934" lon="-93.0937306"/>
  <node id="8086577585" lat="44.9528821" lon="-93.0940071">
    <tag k="highway" v="traffic_signals"/>
  </node>
  <node id="8195808076" lat="44.9483324" lon="-92.9815951"/>
  <node id="8195823866" lat="44.9483692" lon="-92.9784000"/>
  <node id="8200589960" lat="44.9508037" lon="-93.0152792">
    <tag k="crossing" v="marked"/>
    <tag k="highway" v="crossing"/>
  </node>
  <node id="8200589977" lat="44.9516627" lon="-93.0194192"/>
  <node id="8200589978" lat="44.9519006" lon="-93.0152818">
    <tag k="crossing" v="marked"/>
    <tag k="crossing:markings" v="yes"/>
    <tag k="highway" v="crossing"/>
  </node>
  <node id="8200589987" lat="44.9515563" lon="-93.0233429"/>
  <node id="8200589988" lat="44.9506616" lon="-93.0251099">
    <tag k="crossing" v="marked"/>
    <tag k="highway" v="crossing"/>
  </node>
  <node id="8200589990" lat="44.9517062" lon="-93.0251228">
    <tag k="crossing" v="marked"/>
    <tag k="crossing:markings" v="yes"/>
    <tag k="highway" v="crossing"/>
  </node>
  <node id="8200590016" lat="44.9517061" lon="-93.0253709">
    <tag k="crossing" v="marked"/>
    <tag k="crossing:markings" v="yes"/>
    <tag k="highway" v="crossing"/>
  </node>
  <node id="8200590018" lat="44.9506458" lon="-93.0253719">
    <tag k="crossing" v="marked"/>
    <tag k="highway" v="crossing"/>
  </node>
  <node id="8606869688" lat="44.9526653" lon="-93.0700223"/>
  <node id="8891525673" lat="44.9492000" lon="-92.9995779"/>
  <node id="8891572625" lat="44.9500009" lon="-93.0033168"/>
  <node id="8891572626" lat="44.9497832" lon="-93.0012468"/>
  <node id="8891572627" lat="44.9496838" lon="-93.0002858"/>
  <node id="8891572628" lat="44.9495820" lon="-92.9993676"/>
  <node id="8891572629" lat="44.9494774" lon="-92.9984891"/>
  <node id="8891572632" lat="44.9492821" lon="-92.9979973"/>
  <node id="8891572633" lat="44.9492822" lon="-92.9982102"/>
  <node id="8891572634" lat="44.9492782" lon="-92.9983607"/>
  <node id="8891572635" lat="44.9489042" lon="-92.9948267"/>
  <node id="8891572636" lat="44.9484631" lon="-92.9916263"/>
  <node id="8891572637" lat="44.9483376" lon="-92.9891677"/>
  <node id="8891572638" lat="44.9483372" lon="-92.9885154"/>
  <node id="8891572639" lat="44.9482152" lon="-92.9890891"/>
  <node id="8891572640" lat="44.9481859" lon="-92.9887644"/>
  <node id="8891572641" lat="44.9481695" lon="-92.9886392"/>
  <node id="8891572642" lat="44.9476887" lon="-92.9860560"/>
  <node id="8891572643" lat="44.9476796" lon="-92.9860011"/>
  <node id="8891572644" lat="44.9476733" lon="-92.9859507"/>
  <node id="8891572645" lat="44.9476691" lon="-92.9859002"/>
  <node id="8891572646" lat="44.9476681" lon="-92.9858555"/>
  <node id="8891572647" lat="44.9476714" lon="-92.9857664"/>
  <node id="8891572648" lat="44.9485650" lon="-92.9879515"/>
  <node id="8891572649" lat="44.9487915" lon="-92.9908091"/>
  <node id="8891572650" lat="44.9489373" lon="-92.9920362"/>
  <node id="8891572651" lat="44.9484867" lon="-92.9887426"/>
  <node id="8891572652" lat="44.9484903" lon="-92.9892807"/>
  <node id="8891572653" lat="44.9484989" lon="-92.9897251"/>
  <node id="8891572654" lat="44.9485259" lon="-92.9905001"/>
  <node id="8891572655" lat="44.9486260" lon="-92.9918181"/>
  <node id="8891572656" lat="44.9486895" lon="-92.9924142"/>
  <node id="8891572657" lat="44.9488533" lon="-92.9936244"/>
  <node id="8891572658" lat="44.9489346" lon="-92.9941179"/>
  <node id="8891572659" lat="44.9490092" lon="-92.9945603"/>
  <node id="8891572660" lat="44.9491231" lon="-92.9952455"/>
  <node id="8891572661" lat="44.9493127" lon="-92.9963648"/>
  <node id="8891572662" lat="44.9494575" lon="-92.9972781"/>
  <node id="8891572663" lat="44.9491992" lon="-92.9943283"/>
  <node id="8891572664" lat="44.9493080" lon="-92.9955838"/>
  <node id="8891572665" lat="44.9493292" lon="-92.9958087"/>
  <node id="8891572666" lat="44.9493536" lon="-92.9960332"/>
  <node id="8891572667" lat="44.9494545" lon="-92.9967986"/>
  <node id="8891572668" lat="44.9496388" lon="-92.9985800"/>
  <node id="8891572669" lat="44.9497004" lon="-92.9990560"/>
  <node id="8891572670" lat="44.9497643" lon="-92.9996220"/>
  <node id="8891572671" lat="44.9499516" lon="-93.0000252"/>
  <node id="8891572673" lat="44.9502416" lon="-93.0040296"/>
  <node id="9106398978" lat="44.9516723" lon="-93.0692500"/>
  <node id="9106398979" lat="44.9515989" lon="-93.0690831"/>
  <node id="9106398980" lat="44.9515216" lon="-93.0687933"/>
  <node id="9106398981" lat="44.9515467" lon="-93.0689153"/>
  <node id="9106398991" lat="44.9530628" lon="-93.0703394"/>
  <node id="9106399014" lat="44.9515056" lon="-93.0686676"/>
  <node id="9106399015" lat="44.9514760" lon="-93.0687708"/>
  <node id="9106399016" lat="44.9514844" lon="-93.0687457"/>
  <node id="9106399417" lat="44.9514904" lon="-93.0687196"/>
  <node id="9106399418" lat="44.9514947" lon="-93.0686937"/>
  <node id="9106399419" lat="44.9514980" lon="-93.0686665"/>
  <node id="9106399420" lat="44.9514999" lon="-93.0686356"/>
  <node id="9106399421" lat="44.9514366" lon="-93.0688463"/>
  <node id="9106399422" lat="44.9514070" lon="-93.0688763"/>
  <node id="9106399423" lat="44.9513832" lon="-93.0688907"/>
  <node id="9106399424" lat="44.9513584" lon="-93.0689019"/>
  <node id="9106399425" lat="44.9513366" lon="-93.0689082"/>
  <node id="9106399426" lat="44.9513171" lon="-93.0689117"/>
  <node id="9106399427" lat="44.9514165" lon="-93.0688690"/>
  <node id="9106399428" lat="44.9514461" lon="-93.0688330"/>
  <node id="9106399429" lat="44.9514990" lon="-93.0684626"/>
  <node id="9106399430" lat="44.9515062" lon="-93.0683324"/>
  <node id="9106399431" lat="44.9515485" lon="-93.0680752"/>
  <node id="9106399432" lat="44.9516337" lon="-93.0676564"/>
  <node id="9106399433" lat="44.9516923" lon="-93.0673361"/>
  <node id="9106399434" lat="44.9516515" lon="-93.0675699"/>
  <node id="9106399435" lat="44.9517460" lon="-93.0665353"/>
  <node id="9106399436" lat="44.9517453" lon="-93.0666137"/>
  <node id="9106399437" lat="44.9517432" lon="-93.0667490"/>
  <node id="9106399438" lat="44.9517423" lon="-93.0657326"/>
  <node id="9106399440" lat="44.9521431" lon="-93.0666702"/>
  <node id="9106399441" lat="44.9521697" lon="-93.0675043"/>
  <node id="9106399442" lat="44.9521849" lon="-93.0676867"/>
  <node id="9106399447" lat="44.9527202" lon="-93.0697171"/>
  <node id="9106399448" lat="44.9528692" lon="-93.0700149"/>
  <node id="9106399452" lat="44.9527143" lon="-93.0698854"/>
  <node id="9106399453" lat="44.9526911" lon="-93.0699689"/>
  <node id="9106399459" lat="44.9526797" lon="-93.0700017"/>
  <node id="9106399464" lat="44.9526340" lon="-93.0700678"/>
  <node id="9155528269" lat="44.9548936" lon="-93.0762187"/>
  <node id="9202130775" lat="44.9523448" lon="-93.0845262"/>
  <node id="9221216371" lat="44.9555403" lon="-93.0764855"/>
  <node id="9221258227" lat="44.9509691" lon="-93.0163537"/>
  <node id="9221450947" lat="44.9521742" lon="-93.0878153"/>
  <node id="9253476923" lat="44.9534126" lon="-93.0394356"/>
  <node id="9253476924" lat="44.9537285" lon="-93.0401420"/>
  <node id="9352831061" lat="44.9525560" lon="-93.0693443"/>
  <node id="9352845584" lat="44.9503048" lon="-93.0058513"/>
  <node id="9372455954" lat="44.9477910" lon="-92.9866191"/>
  <node id="9424579828" lat="44.9520098" lon="-93.0817106"/>
  <node id="9424579829" lat="44.9519556" lon="-93.0817080"/>
  <node id="9424579830" lat="44.9520108" lon="-93.0816328"/>
  <node id="9424579831" lat="44.9519562" lon="-93.0816247"/>
  <node id="9424579832" lat="44.9516998" lon="-93.0815661"/>
  <node id="9424579833" lat="44.9515920" lon="-93.0815248"/>
  <node id="9424579834" lat="44.9512089" lon="-93.0813525"/>
  <node id="9424579835" lat="44.9509820" lon="-93.0812360"/>
  <node id="9424579836" lat="44.9509047" lon="-93.0811987"/>
  <node id="9424579837" lat="44.9508232" lon="-93.0811780">
    <tag k="highway" v="motorway_junction"/>
    <tag k="unsigned_ref" v="131A"/>
  </node>
  <node id="9424579838" lat="44.9517943" lon="-93.0817502"/>
  <node id="9424579839" lat="44.9519803" lon="-93.0816283"/>
  <node id="9477041450" lat="44.9483629" lon="-92.9757868"/>
  <node id="9584955770" lat="44.9479031" lon="-92.9847442"/>
  <node id="9894903056" lat="44.9538705" lon="-93.0790485"/>
  <node id="9894903057" lat="44.9540014" lon="-93.0790821"/>
  <node id="9894903058" lat="44.9541229" lon="-93.0791652"/>
  <node id="9894903059" lat="44.9540546" lon="-93.0791116"/>
  <node id="9894903060" lat="44.9543108" lon="-93.0796038"/>
  <node id="9909574664" lat="44.9488284" lon="-92.9664225"/>
  <node id="11279830119" lat="44.9526946" lon="-93.0697493"/>
  <node id="11279830120" lat="44.9529232" lon="-93.0701115"/>
  <node id="11731548749" lat="44.9541445" lon="-93.0791874"/>
  <node id="11731548762" lat="44.9543563" lon="-93.0789164"/>
  <node id="11998277180" lat="44.9487104" lon="-92.9554234"/>
  <node id="11998277183" lat="44.9485948" lon="-92.9631874"/>
  <node id="11998277184" lat="44.9487355" lon="-92.9620646"/>
  <node id="11998277187" lat="44.9483693" lon="-92.9790418"/>
  <node id="11998277188" lat="44.9483698" lon="-92.9789425"/>
  <node id="12062537294" lat="44.9488842" lon="-92.9641408"/>
  <node id="12141715693" lat="44.9488120" lon="-92.9846811"/>
  <node id="12330001624" lat="44.9540780" lon="-93.0414281">
    <tag k="crossing" v="uncontrolled"/>
    <tag k="highway" v="crossing"/>
  </node>
  <node id="12330001625" lat="44.9539817" lon="-93.0414557">
    <tag k="crossing" v="uncontrolled"/>
    <tag k="highway" v="crossing"/>
  </node>
  <node id="12330001650" lat="44.9520398" lon="-93.0404906">
    <tag k="crossing" v="uncontrolled"/>
    <tag k="crossing:island" v="no"/>
    <tag k="crossing:markings" v="zebra"/>
    <tag k="highway" v="crossing"/>
    <tag k="tactile_paving" v="yes"/>
  </node>
  <node id="12377734522" lat="44.9525785" lon="-93.0356997"/>
  <node id="12378157191" lat="44.9512485" lon="-93.0277173"/>
  <node id="12378161767" lat="44.9514530" lon="-93.0193136"/>
  <node id="12381790016" lat="44.9502321" lon="-93.0052637"/>
  <node id="12381800733" lat="44.9537215" lon="-93.0799565"/>
  <node id="12381819936" lat="44.9505486" lon="-93.0080545"/>
  <node id="12395530248" lat="44.9514935" lon="-93.0226859"/>
  <node id="12395530249" lat="44.9514771" lon="-93.0224905"/>
  <node id="12414091895" lat="44.9610726" lon="-93.0908704"/>
  <node id="12414091897" lat="44.9610680" lon="-93.0907207"/>
  <node id="12414108712" lat="44.9519486" lon="-93.0333906"/>
  <node id="12472858809" lat="44.9476727" lon="-92.9857568">
    <tag k="button_operated" v="yes"/>
    <tag k="crossing" v="traffic_signals"/>
    <tag k="crossing:island" v="no"/>
    <tag k="crossing:markings" v="zebra"/>
    <tag k="highway" v="crossing"/>
    <tag k="tactile_paving" v="yes"/>
  </node>
  <node id="13044384787" lat="44.9551562" lon="-93.0912329"/>
  <node id="13044384788" lat="44.9554984" lon="-93.0910378"/>
  <node id="13044384789" lat="44.9556179" lon="-93.0909717"/>
  <node id="13044384790" lat="44.9557429" lon="-93.0909119"/>
  <node id="13044384791" lat="44.9609377" lon="-93.0903944"/>
  <node id="13044384792" lat="44.9607901" lon="-93.0903976"/>
  <node id="13044585278" lat="44.9544811" lon="-93.0892640"/>
  <node id="13044585304" lat="44.9556608" lon="-93.0913120"/>
  <node id="13044585305" lat="44.9571084" lon="-93.0911089"/>
  <node id="13044585306" lat="44.9559043" lon="-93.0914057"/>
  <node id="13044585330" lat="44.9526852" lon="-93.0961613"/>
  <node id="13044585331" lat="44.9530450" lon="-93.0952209"/>
  <node id="13044585332" lat="44.9528157" lon="-93.0958317"/>
  <node id="13044585335" lat="44.9553066" lon="-93.0923426"/>
  <node id="13044585336" lat="44.9552735" lon="-93.0923677"/>
  <node id="13044585337" lat="44.9573807" lon="-93.0913828"/>
  <node id="13044585338" lat="44.9567686" lon="-93.0915938"/>
  <node id="13044585339" lat="44.9551963" lon="-93.0924081"/>
  <node id="13044585340" lat="44.9551120" lon="-93.0924864"/>
  <node id="13124403496" lat="44.9541355" lon="-93.0922416">
    <tag k="highway" v="traffic_signals"/>
    <tag k="traffic_signals" v="ramp_meter"/>
    <tag k="traffic_signals:direction" v="forward"/>
  </node>
  <node id="13124403497" lat="44.9534771" lon="-93.0925133">
    <tag k="highway" v="traffic_signals"/>
    <tag k="traffic_signals" v="ramp_meter"/>
    <tag k="traffic_signals:direction" v="forward"/>
  </node>
  <node id="13124403498" lat="44.9564223" lon="-93.0919837">
    <tag k="highway" v="traffic_signals"/>
    <tag k="traffic_signals" v="ramp_meter"/>
    <tag k="traffic_signals:direction" v="forward"/>
  </node>
  <node id="13239364285" lat="44.9533135" lon="-93.0832556"/>
  <node id="13619524330" lat="44.9517229" lon="-93.0526876"/>
  <node id="13733803936" lat="44.9519755" lon="-93.0405568"/>
  <node id="13733803937" lat="44.9521904" lon="-93.0381830"/>
  <node id="13939667511" lat="44.9540653" lon="-93.0413518">
    <tag k="highway" v="stop"/>
  </node>
  <way id="18207331">
    <nd ref="187845813"/>
    <nd ref="13733803936"/>
    <nd ref="12330001650"/>
    <nd ref="187845818"/>
    <nd ref="187845824"/>
    <nd ref="187845828"/>
    <nd ref="187845835"/>
    <nd ref="187845837"/>
    <nd ref="187845838"/>
    <nd ref="187845839"/>
    <nd ref="187845840"/>
    <nd ref="187845841"/>
    <nd ref="187845842"/>
    <nd ref="12414108712"/>
    <nd ref="187845843"/>
    <tag k="destination:ref" v="I 94 East"/>
    <tag k="highway" v="motorway_link"/>
    <tag k="oneway" v="yes"/>
    <tag k="tiger:cfcc" v="A63"/>
    <tag k="tiger:county" v="Ramsey, MN"/>
  </way>
  <way id="18207372">
    <nd ref="187846218"/>
    <nd ref="187846217"/>
    <nd ref="187846215"/>
    <nd ref="187846213"/>
    <nd ref="187846211"/>
    <nd ref="591342166"/>
    <nd ref="187846210"/>
    <nd ref="187846209"/>
    <nd ref="187846208"/>
    <nd ref="187846207"/>
    <nd ref="7185941876"/>
    <nd ref="187846205"/>
    <nd ref="187846204"/>
    <nd ref="187846203"/>
    <tag k="bicycle" v="no"/>
    <tag k="destination:ref" v="US 52 South"/>
    <tag k="foot" v="no"/>
    <tag k="highway" v="motorway_link"/>
    <tag k="junction:ref" v="242D"/>
    <tag k="lanes" v="1"/>
    <tag k="maxspeed:advisory" v="15 mph"/>
    <tag k="oneway" v="yes"/>
    <tag k="tiger:county" v="Ramsey, MN"/>
  </way>
  <way id="18207390">
    <nd ref="187846357"/>
    <nd ref="8891572648"/>
    <nd ref="187846356"/>
    <nd ref="187846355"/>
    <nd ref="187846353"/>
    <nd ref="187846352"/>
    <nd ref="187846351"/>
    <nd ref="8891572649"/>
    <nd ref="8891572650"/>
    <nd ref="187846349"/>
    <tag k="destination" v="McKnight Road"/>
    <tag k="highway" v="motorway_link"/>
    <tag k="junction:ref" v="246C-B"/>
    <tag k="oneway" v="yes"/>
    <tag k="tiger:cfcc" v="A63"/>
    <tag k="tiger:county" v="Ramsey, MN"/>
  </way>
  <way id="18207420">
    <nd ref="8086577585"/>
    <nd ref="1906215029"/>
    <nd ref="961069993"/>
    <nd ref="961069994"/>
    <nd ref="961069996"/>
    <nd ref="961069997"/>
    <tag k="destination:ref" v="I 35E North;US 10 West"/>
    <tag k="highway" v="motorway_link"/>
    <tag k="lanes" v="2"/>
    <tag k="oneway" v="yes"/>
    <tag k="tiger:cfcc" v="A63"/>
    <tag k="tiger:county" v="Ramsey, MN"/>
    <tag k="turn:lanes" v="|merge_to_left"/>
  </way>
  <way id="18207436">
    <nd ref="187846785"/>
    <nd ref="8891572663"/>
    <nd ref="8891572664"/>
    <nd ref="8891572665"/>
    <nd ref="8891572666"/>
    <nd ref="8891572667"/>
    <nd ref="187872262"/>
    <tag k="destination:ref" v="I 94 West"/>
    <tag k="highway" v="motorway_link"/>
    <tag k="lanes" v="1"/>
    <tag k="oneway" v="yes"/>
    <tag k="surface" v="concrete"/>
    <tag k="tiger:cfcc" v="A63"/>
    <tag k="tiger:county" v="Ramsey, MN"/>
  </way>
  <way id="18207529">
    <nd ref="187847594"/>
    <nd ref="187847596"/>
    <nd ref="187847597"/>
    <nd ref="187847599"/>
    <nd ref="187847601"/>
    <nd ref="187847603"/>
    <nd ref="187847605"/>
    <nd ref="187847607"/>
    <nd ref="187847609"/>
    <nd ref="8891525673"/>
    <nd ref="187847612"/>
    <nd ref="187847614"/>
    <nd ref="8891572634"/>
    <nd ref="8891572633"/>
    <nd ref="8891572632"/>
    <nd ref="187847616"/>
    <nd ref="187847618"/>
    <nd ref="187847620"/>
    <nd ref="187847623"/>
    <tag k="destination:ref" v="I 94 East"/>
    <tag k="highway" v="motorway_link"/>
    <tag k="lanes" v="1"/>
    <tag k="oneway" v="yes"/>
    <tag k="surface" v="concrete"/>
  </way>
  <way id="18207532">
    <nd ref="524837874"/>
    <nd ref="9106398978"/>
    <nd ref="524837906"/>
    <nd ref="9106398979"/>
    <nd ref="524837863"/>
    <nd ref="1305265162"/>
    <tag k="destination:ref" v="I 94 East;US 10 East;US 12 East"/>
    <tag k="highway" v="motorway_link"/>
    <tag k="lanes" v="2"/>
    <tag k="oneway" v="yes"/>
    <tag k="ref" v="US 61"/>
    <tag k="surface" v="asphalt"/>
    <tag k="wikidata" v="Q4817597"/>
  </way>
  <way id="18207541">
    <nd ref="187847759"/>
    <nd ref="12378157191"/>
    <nd ref="187847761"/>
    <nd ref="187847762"/>
    <nd ref="187847763"/>
    <nd ref="187847764"/>
    <nd ref="187847765"/>
    <nd ref="187847766"/>
    <tag k="destination" v="White Bear Avenue"/>
    <tag k="highway" v="motorway_link"/>
    <tag k="junction:ref" v="245"/>
    <tag k="lanes" v="1"/>
    <tag k="oneway" v="yes"/>
    <tag k="tiger:cfcc" v="A63"/>
    <tag k="tiger:county" v="Ramsey, MN"/>
  </way>
  <way id="18207598">
    <nd ref="961117649"/>
    <nd ref="961117662"/>
    <nd ref="961117663"/>
    <nd ref="961117664"/>
    <nd ref="961117665"/>
    <nd ref="961117666"/>
    <nd ref="961117667"/>
    <nd ref="961117668"/>
    <nd ref="961117669"/>
    <nd ref="464766684"/>
    <nd ref="961117670"/>
    <nd ref="961117671"/>
    <nd ref="961117672"/>
    <nd ref="961117673"/>
    <nd ref="961117674"/>
    <nd ref="961117675"/>
    <nd ref="961117676"/>
    <nd ref="961117677"/>
    <nd ref="961117678"/>
    <nd ref="961117679"/>
    <nd ref="961117680"/>
    <nd ref="961117681"/>
    <nd ref="961117682"/>
    <nd ref="961117683"/>
    <nd ref="961117684"/>
    <nd ref="961117685"/>
    <nd ref="961117686"/>
    <nd ref="961117687"/>
    <nd ref="961117688"/>
    <nd ref="961117689"/>
    <nd ref="961117690"/>
    <nd ref="961117691"/>
    <nd ref="961117692"/>
    <nd ref="961117695"/>
    <tag k="destination:ref" v="I 35E North;US 10 West"/>
    <tag k="highway" v="motorway_link"/>
    <tag k="junction:ref" v="242B"/>
    <tag k="lanes" v="1"/>
    <tag k="maxspeed:advisory" v="40 mph"/>
    <tag k="oneway" v="yes"/>
    <tag k="ref" v="US 10"/>
    <tag k="tiger:cfcc" v="A63"/>
    <tag k="tiger:county" v="Ramsey, MN"/>
  </way>
  <way id="18207646">
    <nd ref="187848806"/>
    <nd ref="961116533"/>
    <nd ref="961116535"/>
    <nd ref="961116538"/>
    <nd ref="961116540"/>
    <nd ref="961116542"/>
    <nd ref="961116543"/>
    <nd ref="961116544"/>
    <nd ref="13124403498"/>
    <nd ref="961116545"/>
    <nd ref="961116547"/>
    <nd ref="961116549"/>
    <nd ref="961116552"/>
    <nd ref="961116554"/>
    <nd ref="961116556"/>
    <nd ref="961116559"/>
    <nd ref="961116560"/>
    <nd ref="961116561"/>
    <nd ref="961116567"/>
    <nd ref="961116570"/>
    <nd ref="13044585335"/>
    <nd ref="13044585336"/>
    <nd ref="13044585339"/>
    <tag k="destination:ref:to" v="I 94 West"/>
    <tag k="highway" v="motorway_link"/>
    <tag k="lanes" v="1"/>
    <tag k="oneway" v="yes"/>
    <tag k="tiger:cfcc" v="A63"/>
    <tag k="tiger:county" v="Ramsey, MN"/>
  </way>
  <way id="18207653">
    <nd ref="187848898"/>
    <nd ref="187848899"/>
    <nd ref="187848901"/>
    <nd ref="187848903"/>
    <nd ref="8891572671"/>
    <nd ref="187848905"/>
    <nd ref="187848907"/>
    <nd ref="187848908"/>
    <nd ref="187848909"/>
    <nd ref="187848910"/>
    <tag k="destination:ref" v="I 94 West"/>
    <tag k="highway" v="motorway_link"/>
    <tag k="oneway" v="yes"/>
    <tag k="tiger:cfcc" v="A63"/>
    <tag k="tiger:county" v="Ramsey, MN"/>
  </way>
  <way id="18207681">
    <nd ref="187849179"/>
    <nd ref="2960205416"/>
    <nd ref="187849177"/>
    <nd ref="187872081"/>
    <tag k="bridge" v="yes"/>
    <tag k="highway" v="motorway_link"/>
    <tag k="lanes" v="1"/>
    <tag k="layer" v="1"/>
    <tag k="oneway" v="yes"/>
    <tag k="tiger:cfcc" v="A63"/>
    <tag k="tiger:county" v="Ramsey, MN"/>
    <tag k="tiger:reviewed" v="no"/>
  </way>
  <way id="18207876">
    <nd ref="187850511"/>
    <nd ref="961086399"/>
    <nd ref="961086401"/>
    <nd ref="961086403"/>
    <nd ref="961086405"/>
    <nd ref="961086407"/>
    <nd ref="961086408"/>
    <nd ref="961086409"/>
    <nd ref="961086410"/>
    <nd ref="961086411"/>
    <nd ref="961086413"/>
    <nd ref="961086416"/>
    <nd ref="961086418"/>
    <nd ref="961118269"/>
    <nd ref="961118270"/>
    <nd ref="961118271"/>
    <nd ref="961118272"/>
    <nd ref="961118273"/>
    <nd ref="961118274"/>
    <nd ref="961118275"/>
    <nd ref="961118276"/>
    <nd ref="961117695"/>
    <tag k="destination:ref" v="I 35E North;US 10 West"/>
    <tag k="highway" v="motorway_link"/>
    <tag k="oneway" v="yes"/>
    <tag k="tiger:cfcc" v="A63"/>
    <tag k="tiger:county" v="Ramsey, MN"/>
  </way>
  <way id="18207880">
    <nd ref="187872200"/>
    <nd ref="759816435"/>
    <nd ref="12377734522"/>
    <nd ref="187850550"/>
    <nd ref="187850548"/>
    <nd ref="187850546"/>
    <nd ref="187850545"/>
    <nd ref="187850543"/>
    <nd ref="187850541"/>
    <nd ref="9253476923"/>
    <tag k="destination:ref" v="US 10 East;US 61 South"/>
    <tag k="highway" v="motorway_link"/>
    <tag k="junction:ref" v="244"/>
    <tag k="lanes" v="1"/>
    <tag k="oneway" v="yes"/>
    <tag k="surface" v="concrete"/>
    <tag k="tiger:cfcc" v="A63"/>
    <tag k="tiger:county" v="Ramsey, MN"/>
  </way>
  <way id="18207912">
    <nd ref="187850788"/>
    <nd ref="759816411"/>
    <nd ref="9106399440"/>
    <nd ref="6978577215"/>
    <nd ref="6978577216"/>
    <nd ref="9106399441"/>
    <nd ref="9106399442"/>
    <nd ref="6978577217"/>
    <nd ref="6978577218"/>
    <nd ref="6978577219"/>
    <nd ref="6978577220"/>
    <nd ref="6978577221"/>
    <nd ref="6978577222"/>
    <nd ref="6978577223"/>
    <nd ref="9352831061"/>
    <tag k="destination" v="Mounds Boulevard;Kellogg Boulevard"/>
    <tag k="destination:ref" v="US 61 North"/>
    <tag k="highway" v="motorway_link"/>
    <tag k="junction:ref" v="243"/>
    <tag k="lanes" v="2"/>
    <tag k="oneway" v="yes"/>
    <tag k="ref" v="US 61"/>
    <tag k="surface" v="concrete"/>
  </way>
  <way id="18207956">
    <nd ref="8086577585"/>
    <nd ref="1906215028"/>
    <nd ref="2091677359"/>
    <nd ref="961086336"/>
    <nd ref="961086337"/>
    <nd ref="961086339"/>
    <nd ref="961086341"/>
    <nd ref="13124403497"/>
    <nd ref="961086343"/>
    <nd ref="961086345"/>
    <nd ref="961086347"/>
    <nd ref="961086349"/>
    <nd ref="961086352"/>
    <nd ref="961086354"/>
    <nd ref="961086356"/>
    <nd ref="961086357"/>
    <nd ref="961086358"/>
    <nd ref="961086360"/>
    <nd ref="961086361"/>
    <nd ref="961086363"/>
    <nd ref="962136235"/>
    <nd ref="961069980"/>
    <tag k="destination:ref" v="I 94 East;US 10 East"/>
    <tag k="highway" v="motorway_link"/>
    <tag k="oneway" v="yes"/>
    <tag k="surface" v="asphalt"/>
    <tag k="tiger:cfcc" v="A63"/>
    <tag k="tiger:county" v="Ramsey, MN"/>
  </way>
  <way id="18207978">
    <nd ref="187847624"/>
    <nd ref="187851466"/>
    <nd ref="187851463"/>
    <nd ref="187847612"/>
    <tag k="destination:ref" v="I 94 East"/>
    <tag k="highway" v="motorway_link"/>
    <tag k="lanes" v="1"/>
    <tag k="oneway" v="yes"/>
    <tag k="surface" v="concrete"/>
  </way>
  <way id="18207987">
    <nd ref="187851493"/>
    <nd ref="12330001625"/>
    <nd ref="187851495"/>
    <nd ref="187851497"/>
    <nd ref="187851499"/>
    <nd ref="187851500"/>
    <nd ref="187851501"/>
    <nd ref="187851502"/>
    <nd ref="187851504"/>
    <nd ref="187851506"/>
    <nd ref="187851507"/>
    <nd ref="187851508"/>
    <nd ref="187851510"/>
    <nd ref="526634560"/>
    <nd ref="187851512"/>
    <nd ref="187851514"/>
    <nd ref="187851516"/>
    <nd ref="187851517"/>
    <nd ref="187851519"/>
    <nd ref="187851520"/>
    <nd ref="187851521"/>
    <nd ref="187851522"/>
    <nd ref="187851523"/>
    <nd ref="13733803937"/>
    <nd ref="187845837"/>
    <tag k="destination:ref" v="I 94 East"/>
    <tag k="highway" v="motorway_link"/>
    <tag k="oneway" v="yes"/>
    <tag k="tiger:cfcc" v="A63"/>
    <tag k="tiger:county" v="Ramsey, MN"/>
  </way>
  <way id="18208090">
    <nd ref="187852148"/>
    <nd ref="12395530249"/>
    <nd ref="12395530248"/>
    <nd ref="558551663"/>
    <nd ref="8200589987"/>
    <nd ref="558551665"/>
    <nd ref="6978586136"/>
    <tag k="destination" v="White Bear Avenue"/>
    <tag k="highway" v="motorway_link"/>
    <tag k="junction:ref" v="245"/>
    <tag k="lanes" v="1"/>
    <tag k="oneway" v="yes"/>
    <tag k="tiger:cfcc" v="A63"/>
    <tag k="tiger:county" v="Ramsey, MN"/>
  </way>
  <way id="18208129">
    <nd ref="956548192"/>
    <nd ref="956548429"/>
    <nd ref="956548431"/>
    <nd ref="956548433"/>
    <nd ref="956548435"/>
    <nd ref="956548437"/>
    <nd ref="956548440"/>
    <nd ref="956548442"/>
    <nd ref="956548444"/>
    <nd ref="956548445"/>
    <nd ref="956548446"/>
    <nd ref="956548453"/>
    <nd ref="956548455"/>
    <nd ref="956548457"/>
    <nd ref="956548458"/>
    <nd ref="956548459"/>
    <nd ref="956548460"/>
    <nd ref="956548462"/>
    <nd ref="956548464"/>
    <nd ref="956548466"/>
    <nd ref="956548468"/>
    <nd ref="956548470"/>
    <nd ref="1894068488"/>
    <nd ref="1894068489"/>
    <tag k="destination:ref" v="I 94 East"/>
    <tag k="highway" v="motorway_link"/>
    <tag k="junction:ref" v="107A"/>
    <tag k="oneway" v="yes"/>
    <tag k="tiger:cfcc" v="A63"/>
    <tag k="tiger:county" v="Ramsey, MN"/>
  </way>
  <way id="18208217">
    <nd ref="187852865"/>
    <nd ref="12381819936"/>
    <nd ref="759800452"/>
    <nd ref="759800514"/>
    <nd ref="187852866"/>
    <nd ref="187852869"/>
    <nd ref="187852871"/>
    <nd ref="187852873"/>
    <nd ref="2074169230"/>
    <nd ref="187852875"/>
    <nd ref="187852879"/>
    <tag k="destination" v="South McKnight Road"/>
    <tag k="highway" v="motorway_link"/>
    <tag k="junction:ref" v="246B"/>
    <tag k="oneway" v="yes"/>
    <tag k="tiger:cfcc" v="A63"/>
    <tag k="tiger:county" v="Ramsey, MN"/>
  </way>
  <way id="18208298">
    <nd ref="187853434"/>
    <nd ref="187853438"/>
    <nd ref="187853440"/>
    <nd ref="187853441"/>
    <nd ref="9221258227"/>
    <tag k="destination" v="Ruth Street"/>
    <tag k="highway" v="motorway_link"/>
    <tag k="junction:ref" v="246A"/>
    <tag k="lanes" v="1"/>
    <tag k="oneway" v="yes"/>
    <tag k="tiger:cfcc" v="A63"/>
    <tag k="tiger:county" v="Ramsey, MN"/>
  </way>
  <way id="18210872">
    <nd ref="956548056"/>
    <nd ref="961069948"/>
    <nd ref="961069949"/>
    <nd ref="961069950"/>
    <nd ref="961069953"/>
    <nd ref="961069954"/>
    <nd ref="961069955"/>
    <nd ref="961069956"/>
    <nd ref="961069957"/>
    <nd ref="961069960"/>
    <nd ref="961069961"/>
    <nd ref="961069962"/>
    <nd ref="961069963"/>
    <nd ref="961069967"/>
    <nd ref="961069969"/>
    <nd ref="961069970"/>
    <nd ref="961069972"/>
    <nd ref="961069973"/>
    <nd ref="961069975"/>
    <nd ref="961069976"/>
    <nd ref="961069977"/>
    <nd ref="961069978"/>
    <nd ref="961069979"/>
    <nd ref="961069980"/>
    <tag k="bicycle" v="no"/>
    <tag k="destination:ref" v="I 94 East"/>
    <tag k="foot" v="no"/>
    <tag k="hgv" v="designated"/>
    <tag k="highway" v="motorway"/>
    <tag k="horse" v="no"/>
    <tag k="lanes" v="3"/>
    <tag k="maxspeed" v="55 mph"/>
    <tag k="oneway" v="yes"/>
    <tag k="ref" v="I 94"/>
    <tag k="tiger:cfcc" v="A15"/>
    <tag k="tiger:county" v="Ramsey, MN"/>
    <tag k="tiger:name_base" v="I-94"/>
    <tag k="tiger:name_base_1" v="United States Highway 12"/>
    <tag k="unsigned_ref" v="US 12;US 52"/>
    <tag k="wikidata" v="Q94965"/>
  </way>
  <way id="18210920">
    <nd ref="961116448"/>
    <nd ref="956548688"/>
    <nd ref="956548690"/>
    <nd ref="956548693"/>
    <nd ref="956548221"/>
    <tag k="bicycle" v="no"/>
    <tag k="foot" v="no"/>
    <tag k="hgv" v="designated"/>
    <tag k="highway" v="motorway"/>
    <tag k="horse" v="no"/>
    <tag k="lanes" v="5"/>
    <tag k="maxspeed" v="55 mph"/>
    <tag k="oneway" v="yes"/>
    <tag k="ref" v="I 35E;I 94"/>
    <tag k="turn:lanes" v="slight_left|slight_left|none|none|none"/>
    <tag k="unsigned_ref" v="US 12;US 52"/>
  </way>
  <way id="18212427">
    <nd ref="187871865"/>
    <nd ref="187884767"/>
    <tag k="bridge" v="yes"/>
    <tag k="destination:ref" v="US 10 East;US 61 South"/>
    <tag k="hgv" v="designated"/>
    <tag k="hgv:national_network" v="yes"/>
    <tag k="highway" v="motorway_link"/>
    <tag k="junction:ref" v="244"/>
    <tag k="lanes" v="2"/>
    <tag k="layer" v="1"/>
    <tag k="maxspeed" v="45 mph"/>
    <tag k="oneway" v="yes"/>
    <tag k="ref" v="US 10;US 61"/>
    <tag k="source:hgv:national_network" v="Title 23: Highways Part 658 http://ecfr.gpoaccess.gov/cgi/t/text/text-idx?c=ecfr&amp;rgn=div5&amp;view=text&amp;node=23:1.0.1.7.33&amp;idno=23"/>
    <tag k="surface" v="asphalt"/>
    <tag k="wikidata" v="Q406876"/>
    <tag k="wikidata_1" v="Q4817597"/>
  </way>
  <way id="18279036">
    <nd ref="188401149"/>
    <nd ref="188401147"/>
    <nd ref="188401145"/>
    <nd ref="188401143"/>
    <nd ref="2674288830"/>
    <nd ref="188401142"/>
    <nd ref="12141715693"/>
    <nd ref="188401141"/>
    <tag k="destination" v="Century Avenue"/>
    <tag k="destination:ref" v="MN 120"/>
    <tag k="highway" v="motorway_link"/>
    <tag k="junction:ref" v="247"/>
    <tag k="lanes" v="1"/>
    <tag k="oneway" v="yes"/>
    <tag k="turn:lanes" v="left;through;right"/>
  </way>
  <way id="18288428">
    <nd ref="187850189"/>
    <nd ref="759800521"/>
    <nd ref="187850191"/>
    <nd ref="8891572639"/>
    <nd ref="187850193"/>
    <nd ref="8891572640"/>
    <nd ref="8891572641"/>
    <nd ref="187850194"/>
    <nd ref="187850195"/>
    <nd ref="187850196"/>
    <nd ref="187850197"/>
    <nd ref="9372455954"/>
    <tag k="destination" v="Century Avenue"/>
    <tag k="destination:ref" v="MN 120"/>
    <tag k="highway" v="motorway_link"/>
    <tag k="junction:ref" v="247"/>
    <tag k="lanes" v="1"/>
    <tag k="oneway" v="yes"/>
    <tag k="tiger:cfcc" v="A63"/>
    <tag k="tiger:county" v="Washington, MN;Ramsey, MN"/>
  </way>
  <way id="18297008">
    <nd ref="491175620"/>
    <nd ref="558551442"/>
    <tag k="bicycle" v="no"/>
    <tag k="bridge" v="yes"/>
    <tag k="foot" v="no"/>
    <tag k="hgv" v="designated"/>
    <tag k="highway" v="motorway"/>
    <tag k="horse" v="no"/>
    <tag k="lanes" v="3"/>
    <tag k="layer" v="1"/>
    <tag k="maxspeed" v="55 mph"/>
    <tag k="oneway" v="yes"/>
    <tag k="ref" v="I 94"/>
    <tag k="unsigned_ref" v="US 12"/>
    <tag k="wikidata" v="Q94965"/>
  </way>
  <way id="39010561">
    <nd ref="187848818"/>
    <nd ref="187848814"/>
    <nd ref="187848812"/>
    <nd ref="2847019806"/>
    <nd ref="1200569479"/>
    <tag k="highway" v="motorway_link"/>
    <tag k="lanes" v="2"/>
    <tag k="oneway" v="yes"/>
    <tag k="tiger:cfcc" v="A63"/>
    <tag k="tiger:county" v="Ramsey, MN"/>
    <tag k="tiger:reviewed" v="no"/>
    <tag k="turn:lanes" v="left;through|through;right"/>
  </way>
  <way id="39068144">
    <nd ref="759800409"/>
    <nd ref="188513996"/>
    <nd ref="188513994"/>
    <nd ref="466309365"/>
    <nd ref="188427262"/>
    <nd ref="11998277183"/>
    <nd ref="188513990"/>
    <nd ref="188427491"/>
    <nd ref="188513983"/>
    <nd ref="188444130"/>
    <nd ref="188513982"/>
    <nd ref="188513981"/>
    <nd ref="759800479"/>
    <nd ref="6900229177"/>
    <tag k="bicycle" v="no"/>
    <tag k="foot" v="no"/>
    <tag k="hgv" v="designated"/>
    <tag k="highway" v="motorway"/>
    <tag k="horse" v="no"/>
    <tag k="lanes" v="3"/>
    <tag k="maxspeed" v="55 mph"/>
    <tag k="oneway" v="yes"/>
    <tag k="ref" v="I 94"/>
    <tag k="unsigned_ref" v="US 12"/>
    <tag k="wikidata" v="Q94965"/>
  </way>
  <way id="39536890">
    <nd ref="962135330"/>
    <nd ref="9202130775"/>
    <nd ref="1003350946"/>
    <nd ref="187846239"/>
    <nd ref="187846237"/>
    <nd ref="187846235"/>
    <nd ref="187846233"/>
    <tag k="destination:ref" v="US 52"/>
    <tag k="highway" v="motorway_link"/>
    <tag k="maxspeed:advisory" v="15 mph"/>
    <tag k="oneway" v="yes"/>
    <tag k="tiger:county" v="Ramsey, MN"/>
  </way>
  <way id="39536891">
    <nd ref="187846233"/>
    <nd ref="187846232"/>
    <nd ref="187846227"/>
    <nd ref="187846226"/>
    <nd ref="187846225"/>
    <nd ref="187846224"/>
    <nd ref="187846222"/>
    <nd ref="187846220"/>
    <nd ref="187846219"/>
    <nd ref="187846218"/>
    <tag k="bridge" v="yes"/>
    <tag k="destination:ref" v="US 52 South"/>
    <tag k="highway" v="motorway_link"/>
    <tag k="junction:ref" v="242D"/>
    <tag k="layer" v="1"/>
    <tag k="maxspeed:advisory" v="15 mph"/>
    <tag k="oneway" v="yes"/>
    <tag k="tiger:county" v="Ramsey, MN"/>
  </way>
  <way id="39690893">
    <nd ref="961115820"/>
    <nd ref="6779281890"/>
    <tag k="bridge" v="yes"/>
    <tag k="highway" v="motorway"/>
    <tag k="lanes" v="3"/>
    <tag k="layer" v="1"/>
    <tag k="oneway" v="yes"/>
    <tag k="ref" v="US 10"/>
    <tag k="wikidata" v="Q406876"/>
  </way>
  <way id="40645189">
    <nd ref="961118221"/>
    <nd ref="962135422"/>
    <nd ref="962135426"/>
    <nd ref="962135434"/>
    <nd ref="962135437"/>
    <nd ref="962135439"/>
    <nd ref="962135441"/>
    <nd ref="962135444"/>
    <nd ref="962135445"/>
    <nd ref="962135451"/>
    <nd ref="962135455"/>
    <nd ref="187850728"/>
    <nd ref="187850730"/>
    <nd ref="187850731"/>
    <nd ref="1305194902"/>
    <nd ref="1332534946"/>
    <nd ref="1332534935"/>
    <nd ref="7185941877"/>
    <nd ref="1332535116"/>
    <nd ref="1332535008"/>
    <nd ref="1332534963"/>
    <nd ref="1332534961"/>
    <nd ref="7186059518"/>
    <nd ref="7185941844"/>
    <nd ref="7186059397"/>
    <nd ref="7185941828"/>
    <nd ref="7186059403"/>
    <nd ref="7186059404"/>
    <tag k="bicycle" v="no"/>
    <tag k="destination:ref" v="US 52"/>
    <tag k="foot" v="no"/>
    <tag k="hgv" v="designated"/>
    <tag k="hgv:national_network" v="yes"/>
    <tag k="highway" v="motorway_link"/>
    <tag k="junction:ref" v="242D"/>
    <tag k="lanes" v="1"/>
    <tag k="oneway" v="yes"/>
    <tag k="opening_date" v="2015-09"/>
    <tag k="ref" v="US 52"/>
    <tag k="source:hgv:national_network" v="Title 23: Highways Part 658 http://ecfr.gpoaccess.gov/cgi/t/text/text-idx?c=ecfr&amp;rgn=div5&amp;view=text&amp;node=23:1.0.1.7.33&amp;idno=23"/>
    <tag k="tiger:county" v="Ramsey, MN"/>
  </way>
  <way id="40645192">
    <nd ref="962133778"/>
    <nd ref="962135289"/>
    <nd ref="962135314"/>
    <nd ref="962135317"/>
    <nd ref="962135322"/>
    <nd ref="962135326"/>
    <nd ref="962135330"/>
    <tag k="bicycle" v="no"/>
    <tag k="destination:lanes" v="6th Street;none"/>
    <tag k="foot" v="no"/>
    <tag k="highway" v="motorway_link"/>
    <tag k="junction:ref" v="242D"/>
    <tag k="lanes" v="1"/>
    <tag k="oneway" v="yes"/>
    <tag k="tiger:county" v="Ramsey, MN"/>
    <tag k="turn:lanes" v="slight_left;right"/>
  </way>
  <way id="40645195">
    <nd ref="962135549"/>
    <nd ref="759816447"/>
    <nd ref="759816413"/>
    <nd ref="1068314151"/>
    <tag k="bicycle" v="no"/>
    <tag k="foot" v="no"/>
    <tag k="highway" v="motorway_link"/>
    <tag k="oneway" v="yes"/>
    <tag k="tiger:county" v="Ramsey, MN"/>
  </way>
  <way id="40645199">
    <nd ref="961116007"/>
    <nd ref="962134421"/>
    <nd ref="962134425"/>
    <nd ref="962134427"/>
    <nd ref="962134429"/>
    <nd ref="962134431"/>
    <nd ref="962134433"/>
    <nd ref="962134435"/>
    <nd ref="962134438"/>
    <nd ref="962134443"/>
    <nd ref="962134449"/>
    <nd ref="962134453"/>
    <nd ref="962134458"/>
    <nd ref="493685756"/>
    <nd ref="493685759"/>
    <nd ref="962134464"/>
    <nd ref="962134465"/>
    <nd ref="962134466"/>
    <nd ref="962134468"/>
    <nd ref="962134469"/>
    <nd ref="962134484"/>
    <nd ref="962134489"/>
    <nd ref="962134495"/>
    <nd ref="962134497"/>
    <nd ref="962134500"/>
    <nd ref="962134501"/>
    <nd ref="962134505"/>
    <nd ref="962134507"/>
    <nd ref="962134510"/>
    <nd ref="962134514"/>
    <nd ref="962134518"/>
    <nd ref="962134521"/>
    <nd ref="962134524"/>
    <nd ref="962134528"/>
    <nd ref="962134532"/>
    <nd ref="1003350983"/>
    <nd ref="1003350985"/>
    <nd ref="1763305124"/>
    <nd ref="1763305125"/>
    <nd ref="1763305126"/>
    <nd ref="1763305127"/>
    <nd ref="1003350948"/>
    <tag k="bicycle" v="no"/>
    <tag k="destination:ref" v="US 52 South"/>
    <tag k="foot" v="no"/>
    <tag k="highway" v="motorway_link"/>
    <tag k="oneway" v="yes"/>
  </way>
  <way id="40645200">
    <nd ref="1003350948"/>
    <nd ref="493685796"/>
    <nd ref="493685797"/>
    <nd ref="493685800"/>
    <nd ref="7185941878"/>
    <nd ref="493685803"/>
    <nd ref="493685805"/>
    <nd ref="7186059409"/>
    <nd ref="7185941829"/>
    <nd ref="493685807"/>
    <tag k="bicycle" v="no"/>
    <tag k="bridge" v="yes"/>
    <tag k="destination" v="Rochester"/>
    <tag k="destination:ref" v="US 52 South"/>
    <tag k="foot" v="no"/>
    <tag k="highway" v="motorway_link"/>
    <tag k="layer" v="1"/>
    <tag k="oneway" v="yes"/>
  </way>
  <way id="40645202">
    <nd ref="187847116"/>
    <nd ref="2960205418"/>
    <nd ref="187847125"/>
    <nd ref="187847126"/>
    <nd ref="493685818"/>
    <nd ref="187847130"/>
    <nd ref="187847133"/>
    <nd ref="493685817"/>
    <tag k="bridge" v="yes"/>
    <tag k="highway" v="motorway_link"/>
    <tag k="lanes" v="2"/>
    <tag k="layer" v="1"/>
    <tag k="oneway" v="yes"/>
    <tag k="tiger:cfcc" v="A63"/>
    <tag k="tiger:county" v="Ramsey, MN"/>
    <tag k="turn:lanes" v="left|left;through;right"/>
  </way>
  <way id="40645203">
    <nd ref="493685817"/>
    <nd ref="187847136"/>
    <nd ref="187847138"/>
    <nd ref="187847140"/>
    <nd ref="524837596"/>
    <tag k="highway" v="motorway_link"/>
    <tag k="lanes" v="2"/>
    <tag k="oneway" v="yes"/>
    <tag k="tiger:cfcc" v="A63"/>
    <tag k="tiger:county" v="Ramsey, MN"/>
    <tag k="turn:lanes" v="left|left;through;right"/>
  </way>
  <way id="40648738">
    <nd ref="187846393"/>
    <nd ref="591355232"/>
    <nd ref="591355236"/>
    <nd ref="187872065"/>
    <nd ref="591355240"/>
    <nd ref="187848014"/>
    <nd ref="591355249"/>
    <nd ref="187872060"/>
    <tag k="bicycle" v="no"/>
    <tag k="foot" v="no"/>
    <tag k="hgv" v="designated"/>
    <tag k="highway" v="motorway"/>
    <tag k="lanes" v="3"/>
    <tag k="maxspeed" v="55 mph"/>
    <tag k="oneway" v="yes"/>
    <tag k="ref" v="I 94;US 10"/>
    <tag k="unsigned_ref" v="US 12"/>
  </way>
  <way id="40648744">
    <nd ref="187849201"/>
    <nd ref="187849199"/>
    <nd ref="187849197"/>
    <nd ref="187849195"/>
    <nd ref="187849193"/>
    <nd ref="187849190"/>
    <nd ref="9221216371"/>
    <tag k="destination:ref" v="I 94 West"/>
    <tag k="highway" v="motorway_link"/>
    <tag k="lanes" v="2"/>
    <tag k="oneway" v="yes"/>
    <tag k="tiger:cfcc" v="A63"/>
    <tag k="tiger:county" v="Ramsey, MN"/>
  </way>
  <way id="40648773">
    <nd ref="1068314145"/>
    <nd ref="1763320880"/>
    <nd ref="1763320885"/>
    <nd ref="187871774"/>
    <tag k="bicycle" v="no"/>
    <tag k="bridge" v="yes"/>
    <tag k="foot" v="no"/>
    <tag k="hgv" v="designated"/>
    <tag k="highway" v="motorway"/>
    <tag k="lanes" v="5"/>
    <tag k="layer" v="1"/>
    <tag k="maxspeed" v="55 mph"/>
    <tag k="oneway" v="yes"/>
    <tag k="ref" v="I 94;US 10"/>
    <tag k="tiger:county" v="Ramsey, MN"/>
    <tag k="unsigned_ref" v="US 12"/>
    <tag k="wikidata" v="Q94965"/>
    <tag k="wikidata_1" v="Q406876"/>
  </way>
  <way id="40648776">
    <nd ref="493753705"/>
    <nd ref="187847114"/>
    <nd ref="2960205401"/>
    <nd ref="2960205406"/>
    <nd ref="9155528269"/>
    <tag k="highway" v="motorway_link"/>
    <tag k="lanes" v="1"/>
    <tag k="oneway" v="yes"/>
    <tag k="tiger:cfcc" v="A63"/>
    <tag k="tiger:county" v="Ramsey, MN"/>
  </way>
  <way id="40648782">
    <nd ref="493753707"/>
    <nd ref="187871778"/>
    <nd ref="187871780"/>
    <nd ref="187871782"/>
    <nd ref="187871784"/>
    <nd ref="187871787"/>
    <nd ref="2960205398"/>
    <nd ref="187871789"/>
    <nd ref="2960205402"/>
    <nd ref="187871790"/>
    <nd ref="2960205403"/>
    <nd ref="187871791"/>
    <nd ref="2960205399"/>
    <nd ref="187871793"/>
    <nd ref="187871795"/>
    <nd ref="187871796"/>
    <nd ref="2960205393"/>
    <nd ref="187871797"/>
    <nd ref="187871799"/>
    <nd ref="187871802"/>
    <nd ref="187871804"/>
    <nd ref="2960205384"/>
    <nd ref="187871805"/>
    <nd ref="2960205375"/>
    <nd ref="187871806"/>
    <nd ref="187871808"/>
    <nd ref="187871814"/>
    <nd ref="187871816"/>
    <nd ref="187871817"/>
    <nd ref="187871819"/>
    <nd ref="187871821"/>
    <nd ref="187871823"/>
    <nd ref="187871824"/>
    <nd ref="187871825"/>
    <nd ref="187871827"/>
    <nd ref="187857677"/>
    <nd ref="187871828"/>
    <nd ref="187871829"/>
    <nd ref="187871831"/>
    <nd ref="187871833"/>
    <nd ref="187871837"/>
    <nd ref="187871839"/>
    <nd ref="187871840"/>
    <nd ref="187871841"/>
    <nd ref="759816406"/>
    <nd ref="187847654"/>
    <tag k="bicycle" v="no"/>
    <tag k="foot" v="no"/>
    <tag k="hgv" v="designated"/>
    <tag k="highway" v="motorway"/>
    <tag k="lanes" v="3"/>
    <tag k="maxspeed" v="55 mph"/>
    <tag k="oneway" v="yes"/>
    <tag k="ref" v="I 94;US 10"/>
    <tag k="surface" v="concrete"/>
    <tag k="tiger:county" v="Ramsey, MN"/>
    <tag k="unsigned_ref" v="US 12"/>
    <tag k="wikidata" v="Q94965"/>
    <tag k="wikidata_1" v="Q406876"/>
  </way>
  <way id="40648793">
    <nd ref="187872083"/>
    <nd ref="2960205413"/>
    <nd ref="187872082"/>
    <nd ref="2960205407"/>
    <nd ref="187872081"/>
    <nd ref="187846393"/>
    <tag k="bicycle" v="no"/>
    <tag k="bridge" v="yes"/>
    <tag k="foot" v="no"/>
    <tag k="hgv" v="designated"/>
    <tag k="highway" v="motorway"/>
    <tag k="lanes" v="3"/>
    <tag k="layer" v="1"/>
    <tag k="maxspeed" v="55 mph"/>
    <tag k="oneway" v="yes"/>
    <tag k="ref" v="I 94;US 10"/>
    <tag k="unsigned_ref" v="US 12"/>
  </way>
  <way id="40648819">
    <nd ref="493753738"/>
    <nd ref="1763320865"/>
    <nd ref="1763320869"/>
    <nd ref="1763320873"/>
    <nd ref="187871774"/>
    <tag k="bicycle" v="no"/>
    <tag k="bridge" v="yes"/>
    <tag k="destination:ref" v="I 94 East;US 10 East"/>
    <tag k="foot" v="no"/>
    <tag k="highway" v="motorway_link"/>
    <tag k="layer" v="1"/>
    <tag k="oneway" v="yes"/>
  </way>
  <way id="41495422">
    <nd ref="187846203"/>
    <nd ref="507944527"/>
    <tag k="bicycle" v="no"/>
    <tag k="bridge" v="yes"/>
    <tag k="destination:ref" v="US 52 South"/>
    <tag k="foot" v="no"/>
    <tag k="highway" v="motorway_link"/>
    <tag k="junction:ref" v="242D"/>
    <tag k="lanes" v="1"/>
    <tag k="layer" v="1"/>
    <tag k="oneway" v="yes"/>
    <tag k="tiger:county" v="Ramsey, MN"/>
  </way>
  <way id="41496159">
    <nd ref="507944532"/>
    <nd ref="507951646"/>
    <nd ref="2735588426"/>
    <nd ref="507951625"/>
    <tag k="NHS" v="yes"/>
    <tag k="bicycle" v="no"/>
    <tag k="foot" v="no"/>
    <tag k="hgv" v="designated"/>
    <tag k="hgv:national_network" v="yes"/>
    <tag k="highway" v="motorway"/>
    <tag k="lanes" v="2"/>
    <tag k="maxspeed" v="55 mph"/>
    <tag k="name" v="Lafayette Freeway"/>
    <tag k="name:etymology:wikidata" v="Q186652"/>
    <tag k="oneway" v="yes"/>
    <tag k="ref" v="US 52"/>
    <tag k="source:hgv:national_network" v="Title 23: Highways Part 658 http://ecfr.gpoaccess.gov/cgi/t/text/text-idx?c=ecfr&amp;rgn=div5&amp;view=text&amp;node=23:1.0.1.7.33&amp;idno=23"/>
    <tag k="surface" v="paved"/>
  </way>
  <way id="41496166">
    <nd ref="507951626"/>
    <nd ref="2548150957"/>
    <tag k="NHS" v="yes"/>
    <tag k="bicycle" v="no"/>
    <tag k="foot" v="no"/>
    <tag k="hgv" v="designated"/>
    <tag k="hgv:national_network" v="yes"/>
    <tag k="highway" v="motorway"/>
    <tag k="lanes" v="2"/>
    <tag k="maxspeed" v="55 mph"/>
    <tag k="name" v="Lafayette Freeway"/>
    <tag k="name:etymology:wikidata" v="Q186652"/>
    <tag k="oneway" v="yes"/>
    <tag k="ref" v="US 52"/>
    <tag k="source:hgv:national_network" v="Title 23: Highways Part 658 http://ecfr.gpoaccess.gov/cgi/t/text/text-idx?c=ecfr&amp;rgn=div5&amp;view=text&amp;node=23:1.0.1.7.33&amp;idno=23"/>
    <tag k="surface" v="paved"/>
  </way>
  <way id="41496174">
    <nd ref="5151759778"/>
    <nd ref="507951647"/>
    <nd ref="507951648"/>
    <nd ref="507951649"/>
    <nd ref="507951651"/>
    <tag k="bicycle" v="no"/>
    <tag k="destination" v="Plato Boulevard"/>
    <tag k="foot" v="no"/>
    <tag k="highway" v="motorway_link"/>
    <tag k="junction:ref" v="130"/>
    <tag k="oneway" v="yes"/>
    <tag k="surface" v="paved"/>
  </way>
  <way id="41496175">
    <nd ref="187880240"/>
    <nd ref="4505366428"/>
    <nd ref="7186988798"/>
    <nd ref="7186988809"/>
    <nd ref="7186988791"/>
    <nd ref="7186988806"/>
    <nd ref="7186988827"/>
    <nd ref="7186988823"/>
    <nd ref="7186988814"/>
    <nd ref="7186988815"/>
    <nd ref="2548150957"/>
    <tag k="bicycle" v="no"/>
    <tag k="destination:ref" v="US 52 North"/>
    <tag k="foot" v="no"/>
    <tag k="highway" v="motorway_link"/>
    <tag k="oneway" v="yes"/>
    <tag k="opening_date" v="2015-09"/>
    <tag k="surface" v="paved"/>
  </way>
  <way id="42165487">
    <nd ref="524837814"/>
    <nd ref="9106399426"/>
    <nd ref="9106399425"/>
    <nd ref="9106399424"/>
    <nd ref="9106399423"/>
    <nd ref="9106399422"/>
    <nd ref="9106399427"/>
    <nd ref="524837821"/>
    <nd ref="9106399421"/>
    <nd ref="9106399428"/>
    <nd ref="524837828"/>
    <nd ref="524837834"/>
    <nd ref="9106399015"/>
    <nd ref="9106399016"/>
    <nd ref="9106399417"/>
    <nd ref="9106399418"/>
    <nd ref="9106399419"/>
    <nd ref="9106399420"/>
    <nd ref="524837847"/>
    <tag k="destination:ref" v="I 94 East;US 61 East"/>
    <tag k="highway" v="motorway_link"/>
    <tag k="oneway" v="yes"/>
    <tag k="surface" v="asphalt"/>
  </way>
  <way id="42165497">
    <nd ref="524838301"/>
    <nd ref="524838302"/>
    <nd ref="524838307"/>
    <nd ref="524837573"/>
    <nd ref="524837578"/>
    <nd ref="187849201"/>
    <tag k="destination:ref" v="I 94 West"/>
    <tag k="highway" v="motorway_link"/>
    <tag k="oneway" v="yes"/>
    <tag k="tiger:cfcc" v="A63"/>
    <tag k="tiger:county" v="Ramsey, MN"/>
  </way>
  <way id="42165869">
    <nd ref="187872100"/>
    <nd ref="759816407"/>
    <nd ref="524848856"/>
    <nd ref="3472300729"/>
    <nd ref="3472300734"/>
    <nd ref="524848850"/>
    <nd ref="3472300747"/>
    <nd ref="524848854"/>
    <nd ref="3472300752"/>
    <nd ref="524848840"/>
    <nd ref="3472300750"/>
    <nd ref="3472300746"/>
    <nd ref="524848800"/>
    <nd ref="3472300733"/>
    <nd ref="524848804"/>
    <nd ref="3472300720"/>
    <nd ref="3472300713"/>
    <nd ref="524848816"/>
    <nd ref="524848827"/>
    <tag k="destination" v="6th Street"/>
    <tag k="destination:ref" v="US 52 South"/>
    <tag k="highway" v="motorway_link"/>
    <tag k="junction:ref" v="242D"/>
    <tag k="oneway" v="yes"/>
    <tag k="surface" v="concrete"/>
    <tag k="tiger:county" v="Ramsey, MN"/>
  </way>
  <way id="42165874">
    <nd ref="524848827"/>
    <nd ref="524848793"/>
    <nd ref="2960205400"/>
    <nd ref="2960205395"/>
    <nd ref="524848789"/>
    <nd ref="524848771"/>
    <tag k="bicycle" v="no"/>
    <tag k="bridge" v="yes"/>
    <tag k="destination:ref" v="US 52"/>
    <tag k="destination:street" v="6th Street"/>
    <tag k="foot" v="no"/>
    <tag k="highway" v="motorway_link"/>
    <tag k="junction:ref" v="242D"/>
    <tag k="layer" v="1"/>
    <tag k="oneway" v="yes"/>
    <tag k="tiger:county" v="Ramsey, MN"/>
  </way>
  <way id="43917735">
    <nd ref="187846357"/>
    <nd ref="8891572651"/>
    <nd ref="8891572652"/>
    <nd ref="8891572653"/>
    <nd ref="187872281"/>
    <nd ref="8891572654"/>
    <nd ref="187872279"/>
    <nd ref="187872276"/>
    <nd ref="8891572655"/>
    <nd ref="8891572656"/>
    <nd ref="187872272"/>
    <nd ref="187872268"/>
    <nd ref="8891572657"/>
    <nd ref="8891572658"/>
    <nd ref="8891572659"/>
    <nd ref="8891572660"/>
    <nd ref="8891572661"/>
    <nd ref="8891572662"/>
    <nd ref="187872262"/>
    <nd ref="8891572668"/>
    <nd ref="8891572669"/>
    <nd ref="8891572670"/>
    <nd ref="759800506"/>
    <nd ref="187848910"/>
    <nd ref="8891572673"/>
    <nd ref="579885145"/>
    <tag k="bicycle" v="no"/>
    <tag k="foot" v="no"/>
    <tag k="hgv" v="designated"/>
    <tag k="highway" v="motorway"/>
    <tag k="horse" v="no"/>
    <tag k="lanes" v="3"/>
    <tag k="maxspeed" v="55 mph"/>
    <tag k="oneway" v="yes"/>
    <tag k="ref" v="I 94"/>
    <tag k="surface" v="concrete"/>
    <tag k="unsigned_ref" v="US 12"/>
  </way>
  <way id="43917738">
    <nd ref="491175654"/>
    <nd ref="558551369"/>
    <tag k="bicycle" v="no"/>
    <tag k="bridge" v="yes"/>
    <tag k="foot" v="no"/>
    <tag k="hgv" v="designated"/>
    <tag k="highway" v="motorway"/>
    <tag k="horse" v="no"/>
    <tag k="lanes" v="3"/>
    <tag k="layer" v="1"/>
    <tag k="maxspeed" v="55 mph"/>
    <tag k="oneway" v="yes"/>
    <tag k="ref" v="I 94"/>
    <tag k="unsigned_ref" v="US 12"/>
  </way>
  <way id="43917752">
    <nd ref="558551442"/>
    <nd ref="188514012"/>
    <nd ref="188463337"/>
    <tag k="bicycle" v="no"/>
    <tag k="foot" v="no"/>
    <tag k="hgv" v="designated"/>
    <tag k="highway" v="motorway"/>
    <tag k="horse" v="no"/>
    <tag k="lanes" v="3"/>
    <tag k="maxspeed" v="55 mph"/>
    <tag k="oneway" v="yes"/>
    <tag k="ref" v="I 94"/>
    <tag k="unsigned_ref" v="US 12"/>
    <tag k="wikidata" v="Q94965"/>
  </way>
  <way id="45608471">
    <nd ref="187851511"/>
    <nd ref="187871881"/>
    <nd ref="187871882"/>
    <nd ref="187871884"/>
    <nd ref="187871886"/>
    <nd ref="187871888"/>
    <nd ref="187871889"/>
    <nd ref="187871890"/>
    <nd ref="187871892"/>
    <nd ref="187871894"/>
    <nd ref="187845843"/>
    <tag k="bicycle" v="no"/>
    <tag k="foot" v="no"/>
    <tag k="hgv" v="designated"/>
    <tag k="highway" v="motorway"/>
    <tag k="horse" v="no"/>
    <tag k="lanes" v="3"/>
    <tag k="maxspeed" v="55 mph"/>
    <tag k="oneway" v="yes"/>
    <tag k="ref" v="I 94"/>
    <tag k="surface" v="concrete"/>
    <tag k="tiger:cfcc" v="A15"/>
    <tag k="tiger:county" v="Ramsey, MN"/>
    <tag k="tiger:name_base" v="I-94"/>
    <tag k="tiger:name_base_1" v="United States Highway 12"/>
    <tag k="unsigned_ref" v="US 12"/>
    <tag k="wikidata" v="Q94965"/>
  </way>
  <way id="45608472">
    <nd ref="187871876"/>
    <nd ref="187849480"/>
    <nd ref="2960205184"/>
    <nd ref="187871879"/>
    <nd ref="187851539"/>
    <nd ref="187871880"/>
    <nd ref="187851511"/>
    <tag k="bicycle" v="no"/>
    <tag k="bridge" v="yes"/>
    <tag k="foot" v="no"/>
    <tag k="hgv" v="designated"/>
    <tag k="highway" v="motorway"/>
    <tag k="horse" v="no"/>
    <tag k="lanes" v="3"/>
    <tag k="layer" v="2"/>
    <tag k="maxspeed" v="55 mph"/>
    <tag k="oneway" v="yes"/>
    <tag k="ref" v="I 94"/>
    <tag k="tiger:cfcc" v="A15"/>
    <tag k="tiger:county" v="Ramsey, MN"/>
    <tag k="tiger:name_base" v="I-94"/>
    <tag k="tiger:name_base_1" v="United States Highway 12"/>
    <tag k="unsigned_ref" v="US 12"/>
    <tag k="wikidata" v="Q94965"/>
  </way>
  <way id="45608473">
    <nd ref="581454510"/>
    <nd ref="512008385"/>
    <nd ref="2960205214"/>
    <nd ref="512008384"/>
    <nd ref="2960205211"/>
    <nd ref="2960205209"/>
    <nd ref="187872188"/>
    <tag k="bicycle" v="no"/>
    <tag k="bridge" v="yes"/>
    <tag k="foot" v="no"/>
    <tag k="hgv" v="designated"/>
    <tag k="highway" v="motorway"/>
    <tag k="horse" v="no"/>
    <tag k="lanes" v="3"/>
    <tag k="layer" v="2"/>
    <tag k="maxspeed" v="55 mph"/>
    <tag k="oneway" v="yes"/>
    <tag k="ref" v="I 94"/>
    <tag k="unsigned_ref" v="US 12"/>
  </way>
  <way id="45608474">
    <nd ref="187872188"/>
    <nd ref="581454516"/>
    <nd ref="2960205194"/>
    <nd ref="581454518"/>
    <nd ref="2960205181"/>
    <nd ref="187872185"/>
    <nd ref="581454521"/>
    <tag k="bicycle" v="no"/>
    <tag k="foot" v="no"/>
    <tag k="hgv" v="designated"/>
    <tag k="highway" v="motorway"/>
    <tag k="horse" v="no"/>
    <tag k="lanes" v="3"/>
    <tag k="maxspeed" v="55 mph"/>
    <tag k="oneway" v="yes"/>
    <tag k="ref" v="I 94"/>
    <tag k="surface" v="concrete"/>
    <tag k="unsigned_ref" v="US 12"/>
  </way>
  <way id="45608482">
    <nd ref="187884767"/>
    <nd ref="187884770"/>
    <nd ref="187884772"/>
    <nd ref="187884775"/>
    <nd ref="187884777"/>
    <nd ref="187884779"/>
    <nd ref="187884780"/>
    <nd ref="187884781"/>
    <nd ref="187884782"/>
    <nd ref="187884784"/>
    <nd ref="187884786"/>
    <nd ref="187884788"/>
    <nd ref="187884789"/>
    <nd ref="187884791"/>
    <nd ref="187884792"/>
    <nd ref="187884793"/>
    <nd ref="187884794"/>
    <nd ref="187884796"/>
    <nd ref="187884797"/>
    <nd ref="187849464"/>
    <tag k="destination:ref" v="US 10 East;US 61 South"/>
    <tag k="hgv" v="designated"/>
    <tag k="hgv:national_network" v="yes"/>
    <tag k="highway" v="motorway_link"/>
    <tag k="junction:ref" v="244"/>
    <tag k="lanes" v="2"/>
    <tag k="maxspeed" v="45 mph"/>
    <tag k="oneway" v="yes"/>
    <tag k="ref" v="US 10;US 61"/>
    <tag k="source:hgv:national_network" v="Title 23: Highways Part 658 http://ecfr.gpoaccess.gov/cgi/t/text/text-idx?c=ecfr&amp;rgn=div5&amp;view=text&amp;node=23:1.0.1.7.33&amp;idno=23"/>
    <tag k="surface" v="asphalt"/>
    <tag k="wikidata" v="Q406876"/>
    <tag k="wikidata_1" v="Q4817597"/>
  </way>
  <way id="45608483">
    <nd ref="187871869"/>
    <nd ref="187871871"/>
    <nd ref="187871872"/>
    <nd ref="187871873"/>
    <nd ref="187871874"/>
    <nd ref="2960205170"/>
    <nd ref="187871875"/>
    <nd ref="187871876"/>
    <tag k="bicycle" v="no"/>
    <tag k="foot" v="no"/>
    <tag k="hgv" v="designated"/>
    <tag k="highway" v="motorway"/>
    <tag k="horse" v="no"/>
    <tag k="lanes" v="3"/>
    <tag k="maxspeed" v="55 mph"/>
    <tag k="oneway" v="yes"/>
    <tag k="ref" v="I 94"/>
    <tag k="surface" v="concrete"/>
    <tag k="tiger:cfcc" v="A15"/>
    <tag k="tiger:county" v="Ramsey, MN"/>
    <tag k="tiger:name_base" v="I-94"/>
    <tag k="tiger:name_base_1" v="United States Highway 12"/>
    <tag k="unsigned_ref" v="US 12"/>
    <tag k="wikidata" v="Q94965"/>
  </way>
  <way id="45608484">
    <nd ref="187871865"/>
    <nd ref="187871869"/>
    <tag k="bicycle" v="no"/>
    <tag k="bridge" v="yes"/>
    <tag k="foot" v="no"/>
    <tag k="hgv" v="designated"/>
    <tag k="highway" v="motorway"/>
    <tag k="horse" v="no"/>
    <tag k="lanes" v="3"/>
    <tag k="layer" v="1"/>
    <tag k="maxspeed" v="55 mph"/>
    <tag k="oneway" v="yes"/>
    <tag k="ref" v="I 94"/>
    <tag k="tiger:cfcc" v="A15"/>
    <tag k="tiger:county" v="Ramsey, MN"/>
    <tag k="tiger:name_base" v="I-94"/>
    <tag k="tiger:name_base_1" v="United States Highway 12"/>
    <tag k="unsigned_ref" v="US 12"/>
    <tag k="wikidata" v="Q94965"/>
  </way>
  <way id="45608485">
    <nd ref="187872180"/>
    <nd ref="187872179"/>
    <nd ref="187872175"/>
    <nd ref="187872171"/>
    <nd ref="187872169"/>
    <nd ref="759816401"/>
    <nd ref="187872159"/>
    <nd ref="187872157"/>
    <nd ref="187850788"/>
    <tag k="bicycle" v="no"/>
    <tag k="destination:lanes" v="|||Mounds Boulevard;Kellogg Boulevard|Mounds Boulevard;Kellogg Boulevard"/>
    <tag k="foot" v="no"/>
    <tag k="hgv" v="designated"/>
    <tag k="highway" v="motorway"/>
    <tag k="horse" v="no"/>
    <tag k="lanes" v="5"/>
    <tag k="maxspeed" v="55 mph"/>
    <tag k="oneway" v="yes"/>
    <tag k="ref" v="I 94;US 10;US 61"/>
    <tag k="surface" v="concrete"/>
    <tag k="turn:lanes" v="|||slight_right|slight_right"/>
    <tag k="unsigned_ref" v="US 12"/>
  </way>
  <way id="45608490">
    <nd ref="581456215"/>
    <nd ref="187872180"/>
    <tag k="bicycle" v="no"/>
    <tag k="bridge" v="yes"/>
    <tag k="foot" v="no"/>
    <tag k="hgv" v="designated"/>
    <tag k="highway" v="motorway"/>
    <tag k="horse" v="no"/>
    <tag k="lanes" v="5"/>
    <tag k="layer" v="1"/>
    <tag k="maxspeed" v="55 mph"/>
    <tag k="oneway" v="yes"/>
    <tag k="ref" v="I 94;US 10;US 61"/>
    <tag k="unsigned_ref" v="US 12"/>
  </way>
  <way id="45782590">
    <nd ref="187850788"/>
    <nd ref="759816457"/>
    <nd ref="759816442"/>
    <nd ref="759816385"/>
    <nd ref="2960205037"/>
    <nd ref="187872140"/>
    <nd ref="2960205050"/>
    <nd ref="759816443"/>
    <nd ref="2960205077"/>
    <nd ref="187872136"/>
    <nd ref="2960205119"/>
    <nd ref="187872132"/>
    <nd ref="2960205160"/>
    <nd ref="759816412"/>
    <nd ref="2960205185"/>
    <nd ref="187872125"/>
    <nd ref="2960205213"/>
    <nd ref="187872123"/>
    <nd ref="2960205269"/>
    <nd ref="187872121"/>
    <nd ref="2960205305"/>
    <nd ref="187872117"/>
    <nd ref="187872114"/>
    <nd ref="2960205382"/>
    <nd ref="187872110"/>
    <nd ref="187872107"/>
    <nd ref="2960205392"/>
    <nd ref="187872105"/>
    <nd ref="187872103"/>
    <nd ref="187872100"/>
    <tag k="bicycle" v="no"/>
    <tag k="destination:lanes" v="6th Street;none|none|none"/>
    <tag k="foot" v="no"/>
    <tag k="hgv" v="designated"/>
    <tag k="highway" v="motorway"/>
    <tag k="horse" v="no"/>
    <tag k="lanes" v="3"/>
    <tag k="maxspeed" v="55 mph"/>
    <tag k="oneway" v="yes"/>
    <tag k="ref" v="I 94;US 10"/>
    <tag k="surface" v="concrete"/>
    <tag k="turn:lanes" v="slight_left;through|none|none"/>
    <tag k="unsigned_ref" v="US 12"/>
  </way>
  <way id="45782591">
    <nd ref="187847654"/>
    <nd ref="187871845"/>
    <nd ref="187871847"/>
    <nd ref="187871849"/>
    <nd ref="187871851"/>
    <nd ref="187871854"/>
    <nd ref="187871855"/>
    <nd ref="187871857"/>
    <nd ref="13619524330"/>
    <tag k="bicycle" v="no"/>
    <tag k="foot" v="no"/>
    <tag k="hgv" v="designated"/>
    <tag k="highway" v="motorway"/>
    <tag k="horse" v="no"/>
    <tag k="lanes" v="5"/>
    <tag k="maxspeed" v="55 mph"/>
    <tag k="oneway" v="yes"/>
    <tag k="ref" v="I 94;US 10;US 61"/>
    <tag k="surface" v="concrete"/>
    <tag k="tiger:cfcc" v="A15"/>
    <tag k="tiger:county" v="Ramsey, MN"/>
    <tag k="tiger:name_base" v="I-94"/>
    <tag k="tiger:name_base_1" v="United States Highway 12"/>
    <tag k="unsigned_ref" v="US 12"/>
    <tag k="wikidata" v="Q94965"/>
    <tag k="wikidata_1" v="Q406876"/>
    <tag k="wikidata_2" v="Q4817597"/>
  </way>
  <way id="46279228">
    <nd ref="524848771"/>
    <nd ref="524848762"/>
    <nd ref="7186325267"/>
    <nd ref="7186325266"/>
    <nd ref="187846397"/>
    <nd ref="187846398"/>
    <nd ref="493685737"/>
    <nd ref="962133778"/>
    <tag k="bicycle" v="no"/>
    <tag k="destination:ref" v="US 52"/>
    <tag k="destination:street" v="6th Street"/>
    <tag k="foot" v="no"/>
    <tag k="highway" v="motorway_link"/>
    <tag k="junction:ref" v="242D"/>
    <tag k="lanes" v="1"/>
    <tag k="oneway" v="yes"/>
    <tag k="tiger:county" v="Ramsey, MN"/>
  </way>
  <way id="49696191">
    <nd ref="954734870"/>
    <nd ref="1894068489"/>
    <tag k="bicycle" v="no"/>
    <tag k="foot" v="no"/>
    <tag k="hgv" v="designated"/>
    <tag k="highway" v="motorway"/>
    <tag k="horse" v="no"/>
    <tag k="lanes" v="5"/>
    <tag k="maxspeed" v="55 mph"/>
    <tag k="oneway" v="yes"/>
    <tag k="ref" v="I 35E;I 94"/>
    <tag k="tiger:cfcc" v="A15"/>
    <tag k="tiger:county" v="Ramsey, MN"/>
    <tag k="tiger:name_base" v="I-35E"/>
    <tag k="unsigned_ref" v="US 12;US 52"/>
  </way>
  <way id="49696192">
    <nd ref="956548056"/>
    <nd ref="961069922"/>
    <nd ref="961069925"/>
    <nd ref="961069927"/>
    <nd ref="961069928"/>
    <nd ref="961069929"/>
    <nd ref="961069931"/>
    <nd ref="961069932"/>
    <nd ref="961069934"/>
    <nd ref="961069936"/>
    <nd ref="961069939"/>
    <nd ref="961069616"/>
    <tag k="bicycle" v="no"/>
    <tag k="destination:ref" v="I 35E North;US 10 West"/>
    <tag k="foot" v="no"/>
    <tag k="hgv" v="designated"/>
    <tag k="highway" v="motorway_link"/>
    <tag k="horse" v="no"/>
    <tag k="junction:ref" v="242B"/>
    <tag k="lanes" v="2"/>
    <tag k="oneway" v="yes"/>
    <tag k="ref" v="I 35E"/>
    <tag k="sidewalk:both" v="no"/>
    <tag k="surface" v="asphalt"/>
    <tag k="tiger:cfcc" v="A15"/>
    <tag k="tiger:county" v="Ramsey, MN"/>
    <tag k="tiger:name_base" v="I-35E"/>
  </way>
  <way id="51388890">
    <nd ref="6010659345"/>
    <nd ref="507944527"/>
    <tag k="NHS" v="yes"/>
    <tag k="bicycle" v="no"/>
    <tag k="bridge" v="yes"/>
    <tag k="destination" v="Rochester"/>
    <tag k="destination:ref" v="US 52"/>
    <tag k="foot" v="no"/>
    <tag k="hgv" v="designated"/>
    <tag k="hgv:national_network" v="yes"/>
    <tag k="highway" v="motorway"/>
    <tag k="lanes" v="1"/>
    <tag k="layer" v="1"/>
    <tag k="maxspeed" v="20 mph"/>
    <tag k="name" v="Lafayette Freeway"/>
    <tag k="name:etymology:wikidata" v="Q186652"/>
    <tag k="noref" v="yes"/>
    <tag k="oneway" v="yes"/>
    <tag k="source:hgv:national_network" v="Title 23: Highways Part 658 http://ecfr.gpoaccess.gov/cgi/t/text/text-idx?c=ecfr&amp;rgn=div5&amp;view=text&amp;node=23:1.0.1.7.33&amp;idno=23"/>
    <tag k="surface" v="asphalt"/>
  </way>
  <way id="51388891">
    <nd ref="187872060"/>
    <nd ref="591355258"/>
    <nd ref="512006364"/>
    <nd ref="591355269"/>
    <nd ref="2011245795"/>
    <nd ref="187872058"/>
    <nd ref="187872055"/>
    <nd ref="187872053"/>
    <nd ref="961117702"/>
    <nd ref="961117703"/>
    <nd ref="961117704"/>
    <nd ref="961117705"/>
    <nd ref="961117649"/>
    <tag k="bicycle" v="no"/>
    <tag k="destination:lanes" v="none|Minneapolis|Minneapolis;12th Street;State Capitol|none"/>
    <tag k="foot" v="no"/>
    <tag k="hgv" v="designated"/>
    <tag k="highway" v="motorway"/>
    <tag k="lanes" v="4"/>
    <tag k="maxspeed" v="55 mph"/>
    <tag k="oneway" v="yes"/>
    <tag k="ref" v="I 94;US 10"/>
    <tag k="surface" v="concrete"/>
    <tag k="turn:lanes" v="none|none|none|slight_right"/>
    <tag k="unsigned_ref" v="US 12;US 52"/>
  </way>
  <way id="51866101">
    <nd ref="961116065"/>
    <nd ref="961086740"/>
    <nd ref="961086744"/>
    <nd ref="13044585306"/>
    <nd ref="961086751"/>
    <nd ref="961086755"/>
    <nd ref="961086756"/>
    <nd ref="961086758"/>
    <nd ref="961086760"/>
    <nd ref="961086762"/>
    <nd ref="961086763"/>
    <nd ref="961086764"/>
    <nd ref="961086301"/>
    <tag k="destination" v="10th Street;Wacouta Street"/>
    <tag k="highway" v="motorway_link"/>
    <tag k="lanes" v="2"/>
    <tag k="oneway" v="yes"/>
    <tag k="tiger:cfcc" v="A15"/>
    <tag k="tiger:county" v="Ramsey, MN"/>
    <tag k="tiger:name_base" v="United States Highway 10"/>
  </way>
  <way id="51866103">
    <nd ref="961118221"/>
    <nd ref="962134647"/>
    <nd ref="962134652"/>
    <nd ref="962134654"/>
    <nd ref="962134658"/>
    <nd ref="962134661"/>
    <nd ref="962134667"/>
    <nd ref="962134670"/>
    <nd ref="962134675"/>
    <nd ref="962134677"/>
    <nd ref="962134679"/>
    <nd ref="962134681"/>
    <nd ref="962134683"/>
    <nd ref="962134702"/>
    <nd ref="962134708"/>
    <nd ref="962134713"/>
    <nd ref="961118207"/>
    <nd ref="961118208"/>
    <nd ref="961118209"/>
    <nd ref="187871757"/>
    <nd ref="187871759"/>
    <nd ref="962133805"/>
    <tag k="bicycle" v="no"/>
    <tag k="foot" v="no"/>
    <tag k="hgv" v="designated"/>
    <tag k="highway" v="motorway"/>
    <tag k="lanes" v="4"/>
    <tag k="maxspeed" v="55 mph"/>
    <tag k="oneway" v="yes"/>
    <tag k="ref" v="I 94;US 10"/>
    <tag k="tiger:county" v="Ramsey, MN"/>
    <tag k="unsigned_ref" v="US 12"/>
    <tag k="wikidata" v="Q94965"/>
    <tag k="wikidata_1" v="Q406876"/>
  </way>
  <way id="51866108">
    <nd ref="581454521"/>
    <nd ref="581456215"/>
    <tag k="bicycle" v="no"/>
    <tag k="foot" v="no"/>
    <tag k="hgv" v="designated"/>
    <tag k="highway" v="motorway"/>
    <tag k="horse" v="no"/>
    <tag k="lanes" v="5"/>
    <tag k="maxspeed" v="55 mph"/>
    <tag k="oneway" v="yes"/>
    <tag k="ref" v="I 94"/>
    <tag k="surface" v="concrete"/>
    <tag k="unsigned_ref" v="US 12"/>
  </way>
  <way id="53062592">
    <nd ref="187851530"/>
    <nd ref="187884323"/>
    <nd ref="187884325"/>
    <nd ref="187884327"/>
    <nd ref="187884328"/>
    <nd ref="187884329"/>
    <nd ref="187884330"/>
    <nd ref="187884331"/>
    <nd ref="187884333"/>
    <nd ref="2960205176"/>
    <nd ref="2960205197"/>
    <nd ref="2960205220"/>
    <nd ref="736000853"/>
    <tag k="hgv" v="designated"/>
    <tag k="hgv:national_network" v="yes"/>
    <tag k="highway" v="motorway_link"/>
    <tag k="junction:noref" v="yes"/>
    <tag k="lanes" v="2"/>
    <tag k="maxspeed" v="45 mph"/>
    <tag k="oneway" v="yes"/>
    <tag k="ref" v="US 10;US 61"/>
    <tag k="source:hgv:national_network" v="Title 23: Highways Part 658 http://ecfr.gpoaccess.gov/cgi/t/text/text-idx?c=ecfr&amp;rgn=div5&amp;view=text&amp;node=23:1.0.1.7.33&amp;idno=23"/>
    <tag k="surface" v="asphalt"/>
  </way>
  <way id="59339950">
    <nd ref="187884346"/>
    <nd ref="187884348"/>
    <nd ref="187884350"/>
    <nd ref="187884352"/>
    <nd ref="187884354"/>
    <nd ref="187884356"/>
    <nd ref="187884357"/>
    <nd ref="187884358"/>
    <nd ref="187884360"/>
    <nd ref="187884364"/>
    <nd ref="187884366"/>
    <nd ref="187884368"/>
    <nd ref="187884370"/>
    <nd ref="187884372"/>
    <nd ref="526634541"/>
    <nd ref="2960205167"/>
    <nd ref="2960205149"/>
    <nd ref="581454521"/>
    <tag k="hgv" v="designated"/>
    <tag k="hgv:national_network" v="yes"/>
    <tag k="highway" v="motorway_link"/>
    <tag k="junction:noref" v="yes"/>
    <tag k="lanes" v="2"/>
    <tag k="maxspeed" v="45 mph"/>
    <tag k="oneway" v="yes"/>
    <tag k="ref" v="US 10;US 61"/>
    <tag k="source:hgv:national_network" v="Title 23: Highways Part 658 http://ecfr.gpoaccess.gov/cgi/t/text/text-idx?c=ecfr&amp;rgn=div5&amp;view=text&amp;node=23:1.0.1.7.33&amp;idno=23"/>
    <tag k="surface" v="asphalt"/>
  </way>
  <way id="59339954">
    <nd ref="736000853"/>
    <nd ref="187884345"/>
    <nd ref="526634553"/>
    <nd ref="187884346"/>
    <tag k="bridge" v="yes"/>
    <tag k="hgv" v="designated"/>
    <tag k="hgv:national_network" v="yes"/>
    <tag k="highway" v="motorway_link"/>
    <tag k="junction:noref" v="yes"/>
    <tag k="lanes" v="2"/>
    <tag k="layer" v="1"/>
    <tag k="maxspeed" v="45 mph"/>
    <tag k="oneway" v="yes"/>
    <tag k="ref" v="US 10;US 61"/>
    <tag k="source:hgv:national_network" v="Title 23: Highways Part 658 http://ecfr.gpoaccess.gov/cgi/t/text/text-idx?c=ecfr&amp;rgn=div5&amp;view=text&amp;node=23:1.0.1.7.33&amp;idno=23"/>
    <tag k="surface" v="asphalt"/>
  </way>
  <way id="60690798">
    <nd ref="759800409"/>
    <nd ref="759800461"/>
    <nd ref="759800395"/>
    <nd ref="759800465"/>
    <nd ref="759800437"/>
    <tag k="destination:ref" v="I 694 North;I 494 South"/>
    <tag k="highway" v="motorway_link"/>
    <tag k="junction:ref" v="249"/>
    <tag k="lanes" v="2"/>
    <tag k="oneway" v="yes"/>
    <tag k="turn:lanes" v="|slight_right"/>
  </way>
  <way id="60690807">
    <nd ref="759800437"/>
    <nd ref="759800526"/>
    <nd ref="759800439"/>
    <nd ref="759800498"/>
    <nd ref="6900818744"/>
    <tag k="destination:ref" v="I 694 North"/>
    <tag k="highway" v="motorway_link"/>
    <tag k="oneway" v="yes"/>
  </way>
  <way id="78288791">
    <nd ref="11998277180"/>
    <nd ref="759800477"/>
    <nd ref="759800422"/>
    <nd ref="11998277184"/>
    <nd ref="759800456"/>
    <nd ref="466309382"/>
    <nd ref="466322939"/>
    <tag k="bicycle" v="no"/>
    <tag k="foot" v="no"/>
    <tag k="hgv" v="designated"/>
    <tag k="highway" v="motorway"/>
    <tag k="horse" v="no"/>
    <tag k="lanes" v="3"/>
    <tag k="maxspeed" v="55 mph"/>
    <tag k="oneway" v="yes"/>
    <tag k="ref" v="I 94"/>
    <tag k="unsigned_ref" v="US 12"/>
  </way>
  <way id="81924596">
    <nd ref="956548192"/>
    <nd ref="954734814"/>
    <nd ref="954734815"/>
    <nd ref="954734818"/>
    <nd ref="954734823"/>
    <nd ref="954734825"/>
    <nd ref="954734826"/>
    <nd ref="954734829"/>
    <nd ref="954734831"/>
    <nd ref="954734833"/>
    <nd ref="954734834"/>
    <nd ref="954734835"/>
    <nd ref="954734836"/>
    <nd ref="954734837"/>
    <nd ref="954734838"/>
    <nd ref="954734839"/>
    <nd ref="954734841"/>
    <nd ref="954734843"/>
    <nd ref="954734847"/>
    <nd ref="954734850"/>
    <nd ref="954734852"/>
    <nd ref="954734853"/>
    <nd ref="954734856"/>
    <nd ref="954734862"/>
    <nd ref="954734863"/>
    <nd ref="954734864"/>
    <nd ref="954734865"/>
    <nd ref="954734866"/>
    <nd ref="954734867"/>
    <nd ref="954734868"/>
    <nd ref="954734869"/>
    <nd ref="954734870"/>
    <tag k="bicycle" v="no"/>
    <tag k="foot" v="no"/>
    <tag k="hgv" v="no"/>
    <tag k="hgv:minweight" v="9000 lbs"/>
    <tag k="highway" v="motorway_link"/>
    <tag k="horse" v="no"/>
    <tag k="junction:noref" v="yes"/>
    <tag k="lanes" v="2"/>
    <tag k="maxspeed" v="55 mph"/>
    <tag k="oneway" v="yes"/>
    <tag k="ref" v="I 35E"/>
    <tag k="surface" v="asphalt"/>
    <tag k="tiger:cfcc" v="A15"/>
    <tag k="tiger:county" v="Ramsey, MN"/>
    <tag k="tiger:name_base" v="I-35E"/>
  </way>
  <way id="81924605">
    <nd ref="954734887"/>
    <nd ref="954734888"/>
    <nd ref="954734889"/>
    <nd ref="954734890"/>
    <nd ref="954734891"/>
    <nd ref="954734892"/>
    <nd ref="954734893"/>
    <nd ref="954734894"/>
    <nd ref="954734895"/>
    <nd ref="954734870"/>
    <tag k="bicycle" v="no"/>
    <tag k="foot" v="no"/>
    <tag k="hgv" v="designated"/>
    <tag k="highway" v="motorway"/>
    <tag k="horse" v="no"/>
    <tag k="lanes" v="3"/>
    <tag k="maxspeed" v="55 mph"/>
    <tag k="oneway" v="yes"/>
    <tag k="ref" v="I 94"/>
    <tag k="tiger:cfcc" v="A15"/>
    <tag k="tiger:county" v="Ramsey, MN"/>
    <tag k="tiger:name_base" v="I-94"/>
    <tag k="tiger:name_base_1" v="United States Highway 12"/>
    <tag k="tiger:reviewed" v="no"/>
    <tag k="unsigned_ref" v="US 12;US 52"/>
    <tag k="wikidata" v="Q94965"/>
  </way>
  <way id="82150350">
    <nd ref="961116213"/>
    <nd ref="961118236"/>
    <nd ref="2099050027"/>
    <nd ref="961118240"/>
    <nd ref="961118241"/>
    <nd ref="961118244"/>
    <nd ref="961118245"/>
    <nd ref="961118246"/>
    <nd ref="961118247"/>
    <nd ref="961118248"/>
    <nd ref="961118249"/>
    <nd ref="961118250"/>
    <nd ref="961118251"/>
    <nd ref="961118252"/>
    <nd ref="961118253"/>
    <nd ref="961118254"/>
    <nd ref="961118255"/>
    <nd ref="961118256"/>
    <nd ref="961118257"/>
    <nd ref="961118258"/>
    <nd ref="961118259"/>
    <nd ref="961118260"/>
    <nd ref="961118261"/>
    <nd ref="961118262"/>
    <nd ref="961118263"/>
    <nd ref="961118264"/>
    <nd ref="961118265"/>
    <nd ref="961118266"/>
    <nd ref="961118267"/>
    <nd ref="961118268"/>
    <nd ref="187851195"/>
    <tag k="destination" v="12th Street;State Capitol"/>
    <tag k="highway" v="motorway_link"/>
    <tag k="junction:ref" v="242A"/>
    <tag k="oneway" v="yes"/>
    <tag k="tiger:cfcc" v="A63"/>
    <tag k="tiger:county" v="Ramsey, MN"/>
  </way>
  <way id="82150354">
    <nd ref="956567358"/>
    <nd ref="956567372"/>
    <nd ref="956567373"/>
    <nd ref="956567375"/>
    <nd ref="956567377"/>
    <nd ref="956567378"/>
    <nd ref="956567380"/>
    <nd ref="956567381"/>
    <nd ref="956567383"/>
    <nd ref="956567384"/>
    <nd ref="956567386"/>
    <nd ref="956567387"/>
    <tag k="bicycle" v="no"/>
    <tag k="bridge" v="yes"/>
    <tag k="foot" v="no"/>
    <tag k="hgv" v="designated"/>
    <tag k="highway" v="motorway"/>
    <tag k="horse" v="no"/>
    <tag k="lanes" v="2"/>
    <tag k="layer" v="1"/>
    <tag k="official_name" v="34th Infantry (Red Bull) Division Highway"/>
    <tag k="oneway" v="yes"/>
    <tag k="ref" v="I 35E"/>
    <tag k="tiger:cfcc" v="A15"/>
    <tag k="tiger:county" v="Ramsey, MN"/>
    <tag k="tiger:name_base" v="I-35"/>
  </way>
  <way id="82150358">
    <nd ref="956567387"/>
    <nd ref="956567391"/>
    <nd ref="956567392"/>
    <nd ref="956567393"/>
    <nd ref="961086776"/>
    <nd ref="961086778"/>
    <nd ref="961116605"/>
    <nd ref="961116606"/>
    <nd ref="961116607"/>
    <nd ref="961116608"/>
    <nd ref="961116609"/>
    <nd ref="13044585331"/>
    <nd ref="961086473"/>
    <tag k="bicycle" v="no"/>
    <tag k="foot" v="no"/>
    <tag k="hgv" v="designated"/>
    <tag k="highway" v="motorway"/>
    <tag k="horse" v="no"/>
    <tag k="lanes" v="2"/>
    <tag k="official_name" v="34th Infantry (Red Bull) Division Highway"/>
    <tag k="oneway" v="yes"/>
    <tag k="ref" v="I 35E"/>
    <tag k="tiger:cfcc" v="A15"/>
    <tag k="tiger:county" v="Ramsey, MN"/>
    <tag k="tiger:name_base" v="I-35"/>
  </way>
  <way id="82578015">
    <nd ref="961069429"/>
    <nd ref="961069430"/>
    <nd ref="961069431"/>
    <nd ref="961069434"/>
    <nd ref="961069438"/>
    <nd ref="961069441"/>
    <nd ref="961069443"/>
    <nd ref="961069445"/>
    <nd ref="961069446"/>
    <nd ref="13044384787"/>
    <nd ref="961069448"/>
    <tag k="bridge" v="yes"/>
    <tag k="highway" v="motorway_link"/>
    <tag k="layer" v="2"/>
    <tag k="oneway" v="yes"/>
    <tag k="tiger:cfcc" v="A63"/>
    <tag k="tiger:county" v="Ramsey, MN"/>
  </way>
  <way id="82578016">
    <nd ref="961069470"/>
    <nd ref="961069473"/>
    <tag k="bridge" v="yes"/>
    <tag k="destination" v="Wacouta Street"/>
    <tag k="highway" v="motorway_link"/>
    <tag k="layer" v="1"/>
    <tag k="oneway" v="yes"/>
  </way>
  <way id="82578017">
    <nd ref="961069473"/>
    <nd ref="961069481"/>
    <nd ref="961069482"/>
    <nd ref="961069484"/>
    <nd ref="187852319"/>
    <tag k="highway" v="motorway_link"/>
    <tag k="oneway" v="yes"/>
    <tag k="surface" v="asphalt"/>
  </way>
  <way id="82578019">
    <nd ref="961069470"/>
    <nd ref="961069490"/>
    <tag k="bridge" v="yes"/>
    <tag k="destination" v="10th Street"/>
    <tag k="highway" v="motorway_link"/>
    <tag k="layer" v="1"/>
    <tag k="oneway" v="yes"/>
  </way>
  <way id="82578020">
    <nd ref="961069490"/>
    <nd ref="961069493"/>
    <nd ref="961069494"/>
    <nd ref="961069495"/>
    <nd ref="961069497"/>
    <nd ref="961069498"/>
    <nd ref="961069499"/>
    <nd ref="961069500"/>
    <nd ref="961069501"/>
    <nd ref="961069502"/>
    <nd ref="187886070"/>
    <tag k="highway" v="motorway_link"/>
    <tag k="oneway" v="yes"/>
    <tag k="surface" v="asphalt"/>
  </way>
  <way id="82578022">
    <nd ref="961116213"/>
    <nd ref="961116216"/>
    <nd ref="961116218"/>
    <nd ref="961116219"/>
    <nd ref="961116220"/>
    <nd ref="961116221"/>
    <nd ref="961116229"/>
    <nd ref="961116231"/>
    <nd ref="961116232"/>
    <nd ref="961116233"/>
    <nd ref="961116234"/>
    <nd ref="961116236"/>
    <nd ref="961116238"/>
    <nd ref="2099050082"/>
    <nd ref="961116241"/>
    <nd ref="961116243"/>
    <nd ref="961116245"/>
    <nd ref="961116248"/>
    <nd ref="961116249"/>
    <nd ref="961116250"/>
    <nd ref="961116251"/>
    <nd ref="2099050083"/>
    <nd ref="961116253"/>
    <nd ref="961116255"/>
    <nd ref="2099050077"/>
    <nd ref="961116258"/>
    <nd ref="961116261"/>
    <nd ref="961116263"/>
    <nd ref="961116264"/>
    <nd ref="961116265"/>
    <nd ref="961086440"/>
    <nd ref="961086441"/>
    <nd ref="961086443"/>
    <nd ref="961086446"/>
    <nd ref="961086447"/>
    <nd ref="961086448"/>
    <nd ref="961086449"/>
    <nd ref="961086451"/>
    <nd ref="961086456"/>
    <nd ref="961086463"/>
    <nd ref="961086464"/>
    <nd ref="961086465"/>
    <nd ref="961086470"/>
    <nd ref="961086473"/>
    <tag k="bicycle" v="no"/>
    <tag k="foot" v="no"/>
    <tag k="hgv" v="designated"/>
    <tag k="highway" v="motorway"/>
    <tag k="horse" v="no"/>
    <tag k="lanes" v="3"/>
    <tag k="maxspeed" v="55 mph"/>
    <tag k="oneway" v="yes"/>
    <tag k="ref" v="I 94"/>
    <tag k="surface" v="concrete"/>
    <tag k="unsigned_ref" v="US 12;US 52"/>
  </way>
  <way id="82578025">
    <nd ref="961069616"/>
    <nd ref="961069619"/>
    <nd ref="961069622"/>
    <nd ref="961069623"/>
    <nd ref="961069625"/>
    <nd ref="961069626"/>
    <nd ref="961069627"/>
    <nd ref="961069630"/>
    <nd ref="961069633"/>
    <nd ref="961069636"/>
    <nd ref="961069639"/>
    <nd ref="961069640"/>
    <nd ref="961069448"/>
    <tag k="bicycle" v="no"/>
    <tag k="bridge" v="yes"/>
    <tag k="foot" v="no"/>
    <tag k="hgv" v="designated"/>
    <tag k="highway" v="motorway_link"/>
    <tag k="horse" v="no"/>
    <tag k="lanes" v="2"/>
    <tag k="layer" v="2"/>
    <tag k="oneway" v="yes"/>
    <tag k="ref" v="I 35E"/>
    <tag k="sidewalk:both" v="no"/>
    <tag k="surface" v="asphalt"/>
    <tag k="tiger:cfcc" v="A15"/>
    <tag k="tiger:county" v="Ramsey, MN"/>
    <tag k="tiger:name_base" v="I-35E"/>
  </way>
  <way id="82578026">
    <nd ref="961069653"/>
    <nd ref="961069671"/>
    <nd ref="961069674"/>
    <nd ref="961069677"/>
    <nd ref="961069678"/>
    <nd ref="961069679"/>
    <nd ref="961069681"/>
    <nd ref="961069683"/>
    <nd ref="961069687"/>
    <nd ref="961117658"/>
    <nd ref="961117627"/>
    <tag k="bicycle" v="no"/>
    <tag k="foot" v="no"/>
    <tag k="hgv" v="designated"/>
    <tag k="highway" v="motorway"/>
    <tag k="horse" v="no"/>
    <tag k="lanes" v="3"/>
    <tag k="official_name" v="34th Infantry (Red Bull) Division Highway"/>
    <tag k="oneway" v="yes"/>
    <tag k="ref" v="I 35E"/>
    <tag k="sidewalk:both" v="no"/>
  </way>
  <way id="82578028">
    <nd ref="961069813"/>
    <nd ref="961069825"/>
    <tag k="bridge" v="yes"/>
    <tag k="highway" v="motorway_link"/>
    <tag k="layer" v="1"/>
    <tag k="oneway" v="yes"/>
    <tag k="tiger:cfcc" v="A63"/>
    <tag k="tiger:county" v="Ramsey, MN"/>
  </way>
  <way id="82578029">
    <nd ref="961069825"/>
    <nd ref="961069835"/>
    <nd ref="13124403496"/>
    <nd ref="961069844"/>
    <nd ref="961069845"/>
    <nd ref="961069847"/>
    <nd ref="961069429"/>
    <tag k="highway" v="motorway_link"/>
    <tag k="oneway" v="yes"/>
    <tag k="tiger:cfcc" v="A63"/>
    <tag k="tiger:county" v="Ramsey, MN"/>
  </way>
  <way id="82578222">
    <nd ref="961086283"/>
    <nd ref="961069470"/>
    <tag k="bridge" v="yes"/>
    <tag k="destination:lanes" v="Wacouta Street|10th Street"/>
    <tag k="highway" v="motorway_link"/>
    <tag k="lanes" v="2"/>
    <tag k="layer" v="1"/>
    <tag k="oneway" v="yes"/>
    <tag k="tiger:cfcc" v="A15"/>
    <tag k="tiger:county" v="Ramsey, MN"/>
    <tag k="tiger:name_base" v="United States Highway 10"/>
    <tag k="turn:lanes" v="through|slight_right"/>
  </way>
  <way id="82578226">
    <nd ref="961086293"/>
    <nd ref="961086283"/>
    <tag k="highway" v="motorway_link"/>
    <tag k="lanes" v="2"/>
    <tag k="oneway" v="yes"/>
    <tag k="tiger:cfcc" v="A15"/>
    <tag k="tiger:county" v="Ramsey, MN"/>
    <tag k="tiger:name_base" v="United States Highway 10"/>
  </way>
  <way id="82578228">
    <nd ref="961086301"/>
    <nd ref="961086303"/>
    <nd ref="961086304"/>
    <nd ref="961086306"/>
    <nd ref="961086293"/>
    <tag k="bridge" v="yes"/>
    <tag k="highway" v="motorway_link"/>
    <tag k="lanes" v="2"/>
    <tag k="layer" v="1"/>
    <tag k="oneway" v="yes"/>
    <tag k="tiger:cfcc" v="A15"/>
    <tag k="tiger:county" v="Ramsey, MN"/>
    <tag k="tiger:name_base" v="United States Highway 10"/>
  </way>
  <way id="82582589">
    <nd ref="961115827"/>
    <nd ref="961086718"/>
    <nd ref="961086720"/>
    <nd ref="961086721"/>
    <nd ref="961086724"/>
    <nd ref="961086726"/>
    <nd ref="956567341"/>
    <nd ref="956567343"/>
    <nd ref="956567344"/>
    <nd ref="956567345"/>
    <nd ref="956567347"/>
    <nd ref="956567348"/>
    <nd ref="956567350"/>
    <nd ref="956567351"/>
    <nd ref="956567353"/>
    <nd ref="956567354"/>
    <nd ref="956567355"/>
    <nd ref="956567356"/>
    <nd ref="956567358"/>
    <tag k="bicycle" v="no"/>
    <tag k="foot" v="no"/>
    <tag k="hgv" v="designated"/>
    <tag k="highway" v="motorway"/>
    <tag k="horse" v="no"/>
    <tag k="lanes" v="2"/>
    <tag k="official_name" v="34th Infantry (Red Bull) Division Highway"/>
    <tag k="oneway" v="yes"/>
    <tag k="ref" v="I 35E"/>
    <tag k="tiger:cfcc" v="A15"/>
    <tag k="tiger:county" v="Ramsey, MN"/>
    <tag k="tiger:name_base" v="I-35"/>
  </way>
  <way id="82582592">
    <nd ref="961115842"/>
    <nd ref="961115827"/>
    <tag k="bicycle" v="no"/>
    <tag k="bridge" v="yes"/>
    <tag k="foot" v="no"/>
    <tag k="hgv" v="designated"/>
    <tag k="highway" v="motorway"/>
    <tag k="horse" v="no"/>
    <tag k="lanes" v="2"/>
    <tag k="layer" v="1"/>
    <tag k="official_name" v="34th Infantry (Red Bull) Division Highway"/>
    <tag k="oneway" v="yes"/>
    <tag k="ref" v="I 35E"/>
  </way>
  <way id="82582596">
    <nd ref="961115850"/>
    <nd ref="13044585337"/>
    <nd ref="961115852"/>
    <nd ref="13044585338"/>
    <nd ref="961115855"/>
    <nd ref="961115857"/>
    <nd ref="961115858"/>
    <nd ref="961115859"/>
    <nd ref="961115860"/>
    <nd ref="961115869"/>
    <nd ref="961115870"/>
    <nd ref="961115871"/>
    <nd ref="961115872"/>
    <nd ref="961115874"/>
    <nd ref="961115876"/>
    <nd ref="961115878"/>
    <nd ref="961115881"/>
    <nd ref="13044585339"/>
    <tag k="destination:ref:to" v="I 94 West"/>
    <tag k="highway" v="motorway_link"/>
    <tag k="lanes" v="1"/>
    <tag k="oneway" v="yes"/>
    <tag k="tiger:cfcc" v="A63"/>
    <tag k="tiger:county" v="Ramsey, MN"/>
  </way>
  <way id="82582598">
    <nd ref="961115894"/>
    <nd ref="961115850"/>
    <tag k="bridge" v="yes"/>
    <tag k="highway" v="motorway_link"/>
    <tag k="layer" v="1"/>
    <tag k="oneway" v="yes"/>
  </way>
  <way id="82582610">
    <nd ref="961115981"/>
    <nd ref="961115983"/>
    <nd ref="961115984"/>
    <nd ref="961115987"/>
    <nd ref="961115989"/>
    <nd ref="961115991"/>
    <nd ref="961115993"/>
    <tag k="bridge" v="yes"/>
    <tag k="destination:ref:to" v="I 94 West"/>
    <tag k="highway" v="motorway_link"/>
    <tag k="lanes" v="2"/>
    <tag k="layer" v="1"/>
    <tag k="oneway" v="yes"/>
  </way>
  <way id="82582614">
    <nd ref="961116004"/>
    <nd ref="961116005"/>
    <nd ref="961116007"/>
    <tag k="highway" v="motorway"/>
    <tag k="lanes" v="2"/>
    <tag k="oneway" v="yes"/>
    <tag k="ref" v="US 10"/>
    <tag k="tiger:cfcc" v="A15"/>
    <tag k="tiger:county" v="Ramsey, MN"/>
    <tag k="tiger:name_base" v="United States Highway 10"/>
    <tag k="turn:lanes" v="slight_left|slight_right"/>
    <tag k="wikidata" v="Q406876"/>
  </way>
  <way id="82582617">
    <nd ref="961116037"/>
    <nd ref="961116044"/>
    <nd ref="961116045"/>
    <nd ref="961116046"/>
    <nd ref="961116047"/>
    <nd ref="961116048"/>
    <nd ref="961116049"/>
    <nd ref="961116004"/>
    <tag k="bridge" v="yes"/>
    <tag k="highway" v="motorway"/>
    <tag k="lanes" v="2"/>
    <tag k="layer" v="1"/>
    <tag k="oneway" v="yes"/>
    <tag k="ref" v="US 10"/>
    <tag k="tiger:cfcc" v="A15"/>
    <tag k="tiger:county" v="Ramsey, MN"/>
    <tag k="tiger:name_base" v="United States Highway 10"/>
    <tag k="wikidata" v="Q406876"/>
  </way>
  <way id="82582647">
    <nd ref="961115993"/>
    <nd ref="961116299"/>
    <nd ref="961116302"/>
    <nd ref="961116308"/>
    <nd ref="961116310"/>
    <nd ref="961116311"/>
    <nd ref="961116312"/>
    <nd ref="961116314"/>
    <nd ref="961116316"/>
    <nd ref="961116319"/>
    <nd ref="961116321"/>
    <nd ref="961116324"/>
    <nd ref="961116325"/>
    <nd ref="961116330"/>
    <nd ref="13044585330"/>
    <tag k="highway" v="motorway_link"/>
    <tag k="lanes" v="1"/>
    <tag k="oneway" v="yes"/>
    <tag k="tiger:cfcc" v="A63"/>
    <tag k="tiger:county" v="Ramsey, MN"/>
  </way>
  <way id="82585295">
    <nd ref="961117624"/>
    <nd ref="961117608"/>
    <tag k="bridge" v="yes"/>
    <tag k="highway" v="motorway"/>
    <tag k="lanes" v="2"/>
    <tag k="layer" v="1"/>
    <tag k="oneway" v="yes"/>
    <tag k="ref" v="US 10"/>
  </way>
  <way id="82585297">
    <nd ref="961117627"/>
    <nd ref="961117629"/>
    <tag k="bicycle" v="no"/>
    <tag k="bridge" v="yes"/>
    <tag k="foot" v="no"/>
    <tag k="hgv" v="designated"/>
    <tag k="highway" v="motorway"/>
    <tag k="horse" v="no"/>
    <tag k="lanes" v="3"/>
    <tag k="layer" v="1"/>
    <tag k="official_name" v="34th Infantry (Red Bull) Division Highway"/>
    <tag k="oneway" v="yes"/>
    <tag k="ref" v="I 35E"/>
    <tag k="sidewalk:both" v="no"/>
  </way>
  <way id="82585502">
    <nd ref="13044585278"/>
    <nd ref="961118222"/>
    <nd ref="961118223"/>
    <nd ref="961118224"/>
    <nd ref="961118225"/>
    <nd ref="961118226"/>
    <nd ref="961118227"/>
    <nd ref="961118228"/>
    <nd ref="961118229"/>
    <nd ref="961118230"/>
    <nd ref="961118231"/>
    <nd ref="961118232"/>
    <nd ref="961086418"/>
    <tag k="access" v="no"/>
    <tag k="bus" v="designated"/>
    <tag k="highway" v="motorway_link"/>
    <tag k="hov" v="designated"/>
    <tag k="motorcycle" v="designated"/>
    <tag k="oneway" v="yes"/>
  </way>
  <way id="82668610">
    <nd ref="962133225"/>
    <nd ref="962133229"/>
    <nd ref="962133237"/>
    <nd ref="962133244"/>
    <nd ref="962133249"/>
    <nd ref="962133254"/>
    <nd ref="962133258"/>
    <nd ref="962133261"/>
    <nd ref="962133265"/>
    <nd ref="962133266"/>
    <nd ref="962133268"/>
    <nd ref="962133270"/>
    <nd ref="962133272"/>
    <tag k="bridge" v="yes"/>
    <tag k="highway" v="motorway_link"/>
    <tag k="layer" v="1"/>
    <tag k="oneway" v="yes"/>
    <tag k="tiger:cfcc" v="A63"/>
    <tag k="tiger:county" v="Ramsey, MN"/>
    <tag k="tiger:source" v="tiger_import_dch_v0.6_20070813"/>
    <tag k="tiger:tlid" v="97650698:97668495:97650635:97684938:97677054:97668502:97650640:97685099:97670388:97670440:97673634:97673644;97685094:97669437:97670439"/>
    <tag k="tiger:upload_uuid" v="bulk_upload.pl-8a077559-e719-4258-bc81-e9f8abaaf321"/>
  </way>
  <way id="82668612">
    <nd ref="962133316"/>
    <nd ref="962133320"/>
    <nd ref="962133322"/>
    <nd ref="962133325"/>
    <nd ref="962135549"/>
    <tag k="bicycle" v="no"/>
    <tag k="foot" v="no"/>
    <tag k="highway" v="motorway_link"/>
    <tag k="oneway" v="yes"/>
    <tag k="tiger:county" v="Ramsey, MN"/>
  </way>
  <way id="82668614">
    <nd ref="962133341"/>
    <nd ref="962133353"/>
    <nd ref="962133354"/>
    <nd ref="962133355"/>
    <nd ref="962133356"/>
    <nd ref="962133357"/>
    <nd ref="962133359"/>
    <nd ref="962133360"/>
    <tag k="highway" v="motorway_link"/>
    <tag k="hov" v="designated"/>
    <tag k="oneway" v="yes"/>
    <tag k="surface" v="asphalt"/>
  </way>
  <way id="82668615">
    <nd ref="962133365"/>
    <nd ref="962133367"/>
    <nd ref="962133370"/>
    <nd ref="962133372"/>
    <nd ref="962133316"/>
    <tag k="highway" v="motorway_link"/>
    <tag k="hov" v="designated"/>
    <tag k="oneway" v="yes"/>
  </way>
  <way id="82668616">
    <nd ref="962133360"/>
    <nd ref="962133392"/>
    <nd ref="962133394"/>
    <nd ref="962133395"/>
    <nd ref="962133397"/>
    <nd ref="962133399"/>
    <nd ref="962133401"/>
    <nd ref="962133403"/>
    <nd ref="962133406"/>
    <nd ref="962133408"/>
    <nd ref="962133411"/>
    <nd ref="962133414"/>
    <nd ref="962133365"/>
    <tag k="bridge" v="yes"/>
    <tag k="highway" v="motorway_link"/>
    <tag k="hov" v="designated"/>
    <tag k="layer" v="1"/>
    <tag k="oneway" v="yes"/>
  </way>
  <way id="82668617">
    <nd ref="962133805"/>
    <nd ref="187871763"/>
    <nd ref="187871764"/>
    <nd ref="1068314151"/>
    <tag k="bicycle" v="no"/>
    <tag k="foot" v="no"/>
    <tag k="hgv" v="designated"/>
    <tag k="highway" v="motorway"/>
    <tag k="lanes" v="4"/>
    <tag k="maxspeed" v="55 mph"/>
    <tag k="oneway" v="yes"/>
    <tag k="ref" v="I 94;US 10"/>
    <tag k="tiger:county" v="Ramsey, MN"/>
    <tag k="unsigned_ref" v="US 12"/>
    <tag k="wikidata" v="Q94965"/>
    <tag k="wikidata_1" v="Q406876"/>
  </way>
  <way id="82668618">
    <nd ref="962133846"/>
    <nd ref="962133847"/>
    <nd ref="962133851"/>
    <nd ref="962133855"/>
    <nd ref="962133861"/>
    <nd ref="962133865"/>
    <nd ref="962133870"/>
    <nd ref="962133875"/>
    <nd ref="1305194910"/>
    <nd ref="1305194921"/>
    <nd ref="1305194895"/>
    <nd ref="1305194892"/>
    <nd ref="1305194923"/>
    <tag k="destination" v="6th Street"/>
    <tag k="highway" v="motorway_link"/>
    <tag k="junction:ref" v="242D"/>
    <tag k="lanes" v="1"/>
    <tag k="maxspeed" v="30 mph"/>
    <tag k="oneway" v="yes"/>
    <tag k="surface" v="asphalt"/>
    <tag k="tiger:county" v="Ramsey, MN"/>
  </way>
  <way id="82668619">
    <nd ref="962133896"/>
    <nd ref="962133898"/>
    <nd ref="962133903"/>
    <nd ref="962133907"/>
    <nd ref="962133920"/>
    <nd ref="962133923"/>
    <nd ref="962133926"/>
    <nd ref="962133931"/>
    <nd ref="962133935"/>
    <nd ref="962133939"/>
    <nd ref="962133846"/>
    <tag k="bridge" v="yes"/>
    <tag k="destination" v="6th Street"/>
    <tag k="highway" v="motorway_link"/>
    <tag k="junction:ref" v="242D"/>
    <tag k="lanes" v="1"/>
    <tag k="layer" v="1"/>
    <tag k="oneway" v="yes"/>
    <tag k="tiger:county" v="Ramsey, MN"/>
  </way>
  <way id="82668620">
    <nd ref="962133341"/>
    <nd ref="962133984"/>
    <nd ref="962134013"/>
    <nd ref="962134018"/>
    <nd ref="962134022"/>
    <nd ref="962134024"/>
    <nd ref="962133225"/>
    <tag k="highway" v="motorway_link"/>
    <tag k="oneway" v="yes"/>
    <tag k="surface" v="asphalt"/>
    <tag k="tiger:cfcc" v="A63"/>
    <tag k="tiger:county" v="Ramsey, MN"/>
  </way>
  <way id="91939522">
    <nd ref="1068314145"/>
    <nd ref="493753704"/>
    <nd ref="187847103"/>
    <nd ref="187847105"/>
    <nd ref="187847107"/>
    <nd ref="187847109"/>
    <nd ref="493753705"/>
    <tag k="bicycle" v="no"/>
    <tag k="bridge" v="yes"/>
    <tag k="destination" v="Mounds Boulevard"/>
    <tag k="foot" v="no"/>
    <tag k="highway" v="motorway_link"/>
    <tag k="junction:ref" v="243"/>
    <tag k="layer" v="1"/>
    <tag k="oneway" v="yes"/>
    <tag k="tiger:cfcc" v="A63"/>
    <tag k="tiger:county" v="Ramsey, MN"/>
  </way>
  <way id="95085307">
    <nd ref="187852148"/>
    <nd ref="187872225"/>
    <nd ref="187872220"/>
    <nd ref="187872217"/>
    <nd ref="187872214"/>
    <nd ref="187872212"/>
    <nd ref="187872209"/>
    <tag k="bicycle" v="no"/>
    <tag k="foot" v="no"/>
    <tag k="hgv" v="designated"/>
    <tag k="highway" v="motorway"/>
    <tag k="horse" v="no"/>
    <tag k="lanes" v="3"/>
    <tag k="maxspeed" v="55 mph"/>
    <tag k="oneway" v="yes"/>
    <tag k="ref" v="I 94"/>
    <tag k="surface" v="concrete"/>
    <tag k="unsigned_ref" v="US 12"/>
  </way>
  <way id="95085309">
    <nd ref="187871946"/>
    <nd ref="187849088"/>
    <tag k="bridge" v="yes"/>
    <tag k="destination" v="North McKnight Road"/>
    <tag k="highway" v="motorway_link"/>
    <tag k="junction:ref" v="246C"/>
    <tag k="layer" v="1"/>
    <tag k="oneway" v="yes"/>
    <tag k="tiger:cfcc" v="A63"/>
    <tag k="tiger:county" v="Ramsey, MN"/>
  </way>
  <way id="95085310">
    <nd ref="187871946"/>
    <nd ref="187871948"/>
    <tag k="bicycle" v="no"/>
    <tag k="bridge" v="yes"/>
    <tag k="foot" v="no"/>
    <tag k="hgv" v="designated"/>
    <tag k="highway" v="motorway"/>
    <tag k="horse" v="no"/>
    <tag k="lanes" v="3"/>
    <tag k="layer" v="1"/>
    <tag k="maxspeed" v="55 mph"/>
    <tag k="oneway" v="yes"/>
    <tag k="ref" v="I 94"/>
    <tag k="tiger:cfcc" v="A15"/>
    <tag k="tiger:county" v="Ramsey, MN"/>
    <tag k="tiger:name_base" v="I-94"/>
    <tag k="tiger:name_base_1" v="United States Highway 12"/>
    <tag k="unsigned_ref" v="US 12"/>
    <tag k="wikidata" v="Q94965"/>
  </way>
  <way id="95085311">
    <nd ref="187847623"/>
    <nd ref="8891572635"/>
    <nd ref="187871958"/>
    <nd ref="187871960"/>
    <nd ref="187871962"/>
    <nd ref="187871963"/>
    <nd ref="8891572636"/>
    <nd ref="187871964"/>
    <nd ref="187850189"/>
    <tag k="bicycle" v="no"/>
    <tag k="destination:lanes" v="none|none|none;Century Avenue"/>
    <tag k="foot" v="no"/>
    <tag k="hgv" v="designated"/>
    <tag k="highway" v="motorway"/>
    <tag k="horse" v="no"/>
    <tag k="lanes" v="3"/>
    <tag k="maxspeed" v="55 mph"/>
    <tag k="oneway" v="yes"/>
    <tag k="ref" v="I 94"/>
    <tag k="tiger:cfcc" v="A15"/>
    <tag k="tiger:county" v="Ramsey, MN"/>
    <tag k="tiger:name_base" v="I-94"/>
    <tag k="tiger:name_base_1" v="United States Highway 12"/>
    <tag k="turn:lanes" v="none|none|through;slight_right"/>
    <tag k="unsigned_ref" v="US 12"/>
    <tag k="wikidata" v="Q94965"/>
  </way>
  <way id="95085314">
    <nd ref="187849088"/>
    <nd ref="187849089"/>
    <nd ref="187849095"/>
    <nd ref="187849096"/>
    <nd ref="187849097"/>
    <nd ref="187849098"/>
    <nd ref="187849102"/>
    <nd ref="187849105"/>
    <nd ref="187849106"/>
    <nd ref="187849107"/>
    <nd ref="187849109"/>
    <nd ref="187849111"/>
    <nd ref="187849113"/>
    <nd ref="187849115"/>
    <nd ref="187849117"/>
    <nd ref="187849118"/>
    <nd ref="187849119"/>
    <nd ref="187849120"/>
    <nd ref="187849121"/>
    <nd ref="187849123"/>
    <nd ref="187849124"/>
    <nd ref="187849126"/>
    <nd ref="187849132"/>
    <nd ref="187849138"/>
    <nd ref="187849140"/>
    <nd ref="187849141"/>
    <nd ref="187849142"/>
    <nd ref="187849143"/>
    <tag k="highway" v="motorway_link"/>
    <tag k="oneway" v="yes"/>
    <tag k="tiger:cfcc" v="A63"/>
    <tag k="tiger:county" v="Ramsey, MN"/>
  </way>
  <way id="95085315">
    <nd ref="579885145"/>
    <nd ref="1989727149"/>
    <tag k="bicycle" v="no"/>
    <tag k="bridge" v="yes"/>
    <tag k="foot" v="no"/>
    <tag k="hgv" v="designated"/>
    <tag k="highway" v="motorway"/>
    <tag k="horse" v="no"/>
    <tag k="lanes" v="3"/>
    <tag k="layer" v="1"/>
    <tag k="maxspeed" v="55 mph"/>
    <tag k="oneway" v="yes"/>
    <tag k="ref" v="I 94"/>
    <tag k="unsigned_ref" v="US 12"/>
  </way>
  <way id="115566647">
    <nd ref="1305265162"/>
    <nd ref="9106398981"/>
    <nd ref="524837751"/>
    <nd ref="9106398980"/>
    <nd ref="187847636"/>
    <nd ref="9106399014"/>
    <nd ref="524837847"/>
    <nd ref="187847638"/>
    <nd ref="9106399429"/>
    <nd ref="187847639"/>
    <nd ref="9106399430"/>
    <nd ref="2960204793"/>
    <nd ref="187847641"/>
    <nd ref="9106399431"/>
    <nd ref="9106399432"/>
    <nd ref="9106399434"/>
    <nd ref="187847643"/>
    <nd ref="9106399433"/>
    <nd ref="187847645"/>
    <nd ref="187847647"/>
    <nd ref="187847649"/>
    <nd ref="187847650"/>
    <nd ref="9106399437"/>
    <nd ref="187847651"/>
    <nd ref="9106399436"/>
    <nd ref="9106399435"/>
    <nd ref="2960204958"/>
    <nd ref="9106399438"/>
    <nd ref="187847653"/>
    <nd ref="2960204952"/>
    <nd ref="759816390"/>
    <nd ref="759816381"/>
    <nd ref="187847654"/>
    <tag k="destination:ref" v="I 94 East;US 61 East"/>
    <tag k="highway" v="motorway_link"/>
    <tag k="lanes" v="2"/>
    <tag k="oneway" v="yes"/>
    <tag k="ref" v="US 61"/>
    <tag k="tiger:cfcc" v="A63"/>
    <tag k="tiger:county" v="Ramsey, MN"/>
    <tag k="wikidata" v="Q4817597"/>
  </way>
  <way id="118479884">
    <nd ref="1332535108"/>
    <nd ref="1332534933"/>
    <nd ref="7185941827"/>
    <nd ref="7185941882"/>
    <nd ref="961118221"/>
    <tag k="bicycle" v="no"/>
    <tag k="foot" v="no"/>
    <tag k="hgv" v="designated"/>
    <tag k="highway" v="motorway"/>
    <tag k="horse" v="no"/>
    <tag k="lanes" v="5"/>
    <tag k="maxspeed" v="55 mph"/>
    <tag k="oneway" v="yes"/>
    <tag k="ref" v="I 94;US 10"/>
    <tag k="tiger:cfcc" v="A15"/>
    <tag k="tiger:county" v="Ramsey, MN"/>
    <tag k="tiger:name_base" v="I-94"/>
    <tag k="tiger:name_base_1" v="United States Highway 12"/>
    <tag k="turn:lanes" v="||||slight_right"/>
    <tag k="unsigned_ref" v="US 12;US 52"/>
    <tag k="wikidata" v="Q406876"/>
  </way>
  <way id="118879036">
    <nd ref="961116065"/>
    <nd ref="961116074"/>
    <nd ref="961116076"/>
    <nd ref="961116078"/>
    <nd ref="961116080"/>
    <nd ref="13044585304"/>
    <nd ref="961116086"/>
    <nd ref="961116087"/>
    <nd ref="961116098"/>
    <nd ref="961116099"/>
    <nd ref="961116037"/>
    <tag k="destination:ref" v="US 52 South;I 94 East;US 10 East"/>
    <tag k="highway" v="motorway"/>
    <tag k="lanes" v="2"/>
    <tag k="oneway" v="yes"/>
    <tag k="ref" v="US 10"/>
    <tag k="tiger:cfcc" v="A15"/>
    <tag k="tiger:county" v="Ramsey, MN"/>
    <tag k="tiger:name_base" v="United States Highway 10"/>
    <tag k="wikidata" v="Q406876"/>
  </way>
  <way id="164722311">
    <nd ref="493685807"/>
    <nd ref="7185941872"/>
    <nd ref="7186059507"/>
    <nd ref="7185941870"/>
    <nd ref="7186059524"/>
    <nd ref="7186059488"/>
    <nd ref="2292977517"/>
    <tag k="bicycle" v="no"/>
    <tag k="destination" v="Rochester"/>
    <tag k="destination:ref" v="US 52 South"/>
    <tag k="foot" v="no"/>
    <tag k="highway" v="motorway_link"/>
    <tag k="oneway" v="yes"/>
  </way>
  <way id="164722701">
    <nd ref="9424579837"/>
    <nd ref="9424579836"/>
    <nd ref="9424579835"/>
    <nd ref="9424579834"/>
    <nd ref="9424579833"/>
    <nd ref="9424579832"/>
    <nd ref="9424579831"/>
    <nd ref="9424579839"/>
    <tag k="bicycle" v="no"/>
    <tag k="bridge" v="yes"/>
    <tag k="destination" v="7th Street"/>
    <tag k="destination:ref" v="MN 5"/>
    <tag k="foot" v="no"/>
    <tag k="highway" v="motorway_link"/>
    <tag k="lanes" v="1"/>
    <tag k="layer" v="1"/>
    <tag k="maxspeed:advisory" v="30 mph"/>
    <tag k="oneway" v="yes"/>
    <tag k="source" v="gps"/>
  </way>
  <way id="178547099">
    <nd ref="187853322"/>
    <nd ref="187853320"/>
    <nd ref="187853314"/>
    <nd ref="187853313"/>
    <nd ref="187853307"/>
    <tag k="destination:ref" v="I 94 West"/>
    <tag k="highway" v="motorway_link"/>
    <tag k="oneway" v="yes"/>
    <tag k="tiger:cfcc" v="A63"/>
    <tag k="tiger:county" v="Ramsey, MN"/>
  </way>
  <way id="179069216">
    <nd ref="961086633"/>
    <nd ref="1894068491"/>
    <nd ref="1894068490"/>
    <nd ref="962135685"/>
    <nd ref="962135691"/>
    <nd ref="962135696"/>
    <nd ref="962135699"/>
    <nd ref="962135703"/>
    <nd ref="962135707"/>
    <nd ref="962135709"/>
    <nd ref="962135710"/>
    <nd ref="962135714"/>
    <nd ref="962135719"/>
    <nd ref="962135723"/>
    <nd ref="962135728"/>
    <nd ref="962135731"/>
    <nd ref="9221450947"/>
    <tag k="destination" v="7th Street"/>
    <tag k="highway" v="motorway_link"/>
    <tag k="junction:ref" v="242C"/>
    <tag k="lanes" v="1"/>
    <tag k="oneway" v="yes"/>
    <tag k="tiger:cfcc" v="A63"/>
    <tag k="tiger:county" v="Ramsey, MN"/>
    <tag k="tiger:reviewed" v="no"/>
  </way>
  <way id="188344235">
    <nd ref="1989727149"/>
    <nd ref="579885144"/>
    <tag k="bicycle" v="no"/>
    <tag k="bridge" v="yes"/>
    <tag k="foot" v="no"/>
    <tag k="hgv" v="designated"/>
    <tag k="highway" v="motorway"/>
    <tag k="horse" v="no"/>
    <tag k="lanes" v="3"/>
    <tag k="layer" v="1"/>
    <tag k="maxspeed" v="55 mph"/>
    <tag k="oneway" v="yes"/>
    <tag k="ref" v="I 94"/>
    <tag k="unsigned_ref" v="US 12"/>
  </way>
  <way id="188344237">
    <nd ref="187871948"/>
    <nd ref="187871950"/>
    <tag k="bicycle" v="no"/>
    <tag k="bridge" v="yes"/>
    <tag k="foot" v="no"/>
    <tag k="hgv" v="designated"/>
    <tag k="highway" v="motorway"/>
    <tag k="horse" v="no"/>
    <tag k="lanes" v="3"/>
    <tag k="layer" v="1"/>
    <tag k="maxspeed" v="55 mph"/>
    <tag k="oneway" v="yes"/>
    <tag k="ref" v="I 94"/>
    <tag k="tiger:cfcc" v="A15"/>
    <tag k="tiger:county" v="Ramsey, MN"/>
    <tag k="tiger:name_base" v="I-94"/>
    <tag k="tiger:name_base_1" v="United States Highway 12"/>
    <tag k="unsigned_ref" v="US 12"/>
    <tag k="wikidata" v="Q94965"/>
  </way>
  <way id="194037903">
    <nd ref="9424579829"/>
    <nd ref="9424579828"/>
    <nd ref="7186059504"/>
    <nd ref="7185941823"/>
    <nd ref="7186059526"/>
    <nd ref="7185941859"/>
    <nd ref="7186059439"/>
    <nd ref="7186059516"/>
    <nd ref="7186059459"/>
    <nd ref="7186059461"/>
    <nd ref="7185941822"/>
    <nd ref="2293014133"/>
    <nd ref="2293014134"/>
    <nd ref="7186059477"/>
    <nd ref="7185941867"/>
    <nd ref="7186059506"/>
    <nd ref="7186059522"/>
    <nd ref="7185941820"/>
    <nd ref="7186059539"/>
    <nd ref="7186059529"/>
    <nd ref="1763298875"/>
    <nd ref="7186059427"/>
    <nd ref="7186059386"/>
    <nd ref="1763298877"/>
    <nd ref="1763298878"/>
    <nd ref="9894903056"/>
    <nd ref="1763298879"/>
    <nd ref="9894903057"/>
    <nd ref="9894903059"/>
    <nd ref="9894903058"/>
    <nd ref="11731548749"/>
    <nd ref="1763298881"/>
    <nd ref="1763298883"/>
    <nd ref="1763298885"/>
    <nd ref="9894903060"/>
    <nd ref="1763298884"/>
    <nd ref="1763298882"/>
    <nd ref="1763298880"/>
    <nd ref="7185941832"/>
    <nd ref="7185941875"/>
    <nd ref="7186059466"/>
    <nd ref="7186059421"/>
    <nd ref="2011245799"/>
    <nd ref="187872060"/>
    <tag k="bicycle" v="no"/>
    <tag k="destination:ref" v="I 94 West;US 10 West"/>
    <tag k="destination:ref:to" v="I 35E"/>
    <tag k="foot" v="no"/>
    <tag k="hgv" v="designated"/>
    <tag k="hgv:national_network" v="yes"/>
    <tag k="highway" v="motorway_link"/>
    <tag k="maxspeed:advisory" v="30 mph"/>
    <tag k="oneway" v="yes"/>
    <tag k="ref" v="US 52"/>
  </way>
  <way id="199127415">
    <nd ref="8086577583"/>
    <nd ref="2091677346"/>
    <nd ref="2091677349"/>
    <nd ref="2091677351"/>
    <nd ref="2091677354"/>
    <nd ref="2091677356"/>
    <nd ref="2091677359"/>
    <tag k="destination:ref" v="I 94 East;US 10 East"/>
    <tag k="highway" v="motorway_link"/>
    <tag k="oneway" v="yes"/>
  </way>
  <way id="220170608">
    <nd ref="2292977515"/>
    <nd ref="3889861265"/>
    <tag k="NHS" v="yes"/>
    <tag k="bicycle" v="no"/>
    <tag k="bridge" v="yes"/>
    <tag k="bridge:name" v="Lafayette Bridge"/>
    <tag k="destination" v="Rochester"/>
    <tag k="destination:ref" v="US 52"/>
    <tag k="foot" v="no"/>
    <tag k="hgv" v="designated"/>
    <tag k="hgv:national_network" v="yes"/>
    <tag k="highway" v="motorway"/>
    <tag k="lanes" v="3"/>
    <tag k="layer" v="1"/>
    <tag k="maxspeed" v="55 mph"/>
    <tag k="name" v="Lafayette Freeway"/>
    <tag k="name:etymology:wikidata" v="Q186652"/>
    <tag k="noref" v="yes"/>
    <tag k="oneway" v="yes"/>
    <tag k="source" v="gps"/>
    <tag k="source:hgv:national_network" v="Title 23: Highways Part 658 http://ecfr.gpoaccess.gov/cgi/t/text/text-idx?c=ecfr&amp;rgn=div5&amp;view=text&amp;node=23:1.0.1.7.33&amp;idno=23"/>
    <tag k="start_date" v="2015"/>
    <tag k="surface" v="paved"/>
    <tag k="wikidata" v="Q6471357"/>
    <tag k="wikipedia" v="en:Lafayette Bridge"/>
  </way>
  <way id="220170610">
    <nd ref="2292977523"/>
    <nd ref="7186059389"/>
    <nd ref="7186059388"/>
    <nd ref="7185941866"/>
    <nd ref="7185941826"/>
    <nd ref="7186059387"/>
    <nd ref="2292977517"/>
    <tag k="NHS" v="yes"/>
    <tag k="bicycle" v="no"/>
    <tag k="destination" v="Rochester"/>
    <tag k="destination:ref" v="US 52"/>
    <tag k="foot" v="no"/>
    <tag k="hgv" v="designated"/>
    <tag k="hgv:national_network" v="yes"/>
    <tag k="highway" v="motorway"/>
    <tag k="lanes" v="2"/>
    <tag k="maxspeed" v="55 mph"/>
    <tag k="name" v="Lafayette Freeway"/>
    <tag k="name:etymology:wikidata" v="Q186652"/>
    <tag k="noref" v="yes"/>
    <tag k="oneway" v="yes"/>
    <tag k="source:hgv:national_network" v="Title 23: Highways Part 658 http://ecfr.gpoaccess.gov/cgi/t/text/text-idx?c=ecfr&amp;rgn=div5&amp;view=text&amp;node=23:1.0.1.7.33&amp;idno=23"/>
    <tag k="surface" v="asphalt"/>
  </way>
  <way id="220170611">
    <nd ref="507944540"/>
    <nd ref="7186988843"/>
    <tag k="NHS" v="yes"/>
    <tag k="bicycle" v="no"/>
    <tag k="bridge" v="yes"/>
    <tag k="bridge:name" v="Lafayette Bridge"/>
    <tag k="foot" v="no"/>
    <tag k="hgv" v="designated"/>
    <tag k="hgv:national_network" v="yes"/>
    <tag k="highway" v="motorway"/>
    <tag k="lanes" v="3"/>
    <tag k="layer" v="1"/>
    <tag k="maxspeed" v="55 mph"/>
    <tag k="name" v="Lafayette Freeway"/>
    <tag k="name:etymology:wikidata" v="Q186652"/>
    <tag k="oneway" v="yes"/>
    <tag k="ref" v="US 52"/>
    <tag k="source:hgv:national_network" v="Title 23: Highways Part 658 http://ecfr.gpoaccess.gov/cgi/t/text/text-idx?c=ecfr&amp;rgn=div5&amp;view=text&amp;node=23:1.0.1.7.33&amp;idno=23"/>
    <tag k="start_date" v="2015"/>
    <tag k="surface" v="concrete"/>
    <tag k="wikidata" v="Q6471357"/>
    <tag k="wikipedia" v="en:Lafayette Bridge"/>
  </way>
  <way id="296594729">
    <nd ref="2291969937"/>
    <nd ref="7185941874"/>
    <nd ref="7186059532"/>
    <nd ref="7186059417"/>
    <nd ref="1763298872"/>
    <nd ref="7186059528"/>
    <nd ref="7186059500"/>
    <nd ref="7186059496"/>
    <nd ref="7186059468"/>
    <nd ref="7186059456"/>
    <nd ref="7186059483"/>
    <nd ref="7186059481"/>
    <nd ref="7185941881"/>
    <nd ref="7185941848"/>
    <nd ref="7186059484"/>
    <nd ref="7186059441"/>
    <nd ref="7186059464"/>
    <nd ref="2291969943"/>
    <nd ref="2291969944"/>
    <nd ref="11731548762"/>
    <nd ref="2045579040"/>
    <tag k="bicycle" v="no"/>
    <tag k="destination" v="7th Street"/>
    <tag k="destination:ref" v="MN 5"/>
    <tag k="foot" v="no"/>
    <tag k="highway" v="motorway_link"/>
    <tag k="lanes" v="2"/>
    <tag k="maxheight:signed" v="no"/>
    <tag k="maxspeed:advisory" v="30 mph"/>
    <tag k="oneway" v="yes"/>
    <tag k="source" v="gps"/>
  </way>
  <way id="314652745">
    <nd ref="759800403"/>
    <nd ref="759800443"/>
    <nd ref="6900818851"/>
    <tag k="highway" v="motorway_link"/>
    <tag k="lanes" v="1"/>
    <tag k="oneway" v="yes"/>
  </way>
  <way id="314654688">
    <nd ref="9584955770"/>
    <nd ref="188463334"/>
    <nd ref="2674288825"/>
    <nd ref="188463335"/>
    <nd ref="2674288826"/>
    <nd ref="188463336"/>
    <nd ref="2674288827"/>
    <nd ref="2674288829"/>
    <nd ref="8195808076"/>
    <nd ref="188463337"/>
    <tag k="destination:ref" v="I 94 East"/>
    <tag k="highway" v="motorway_link"/>
    <tag k="lanes" v="1"/>
    <tag k="oneway" v="yes"/>
  </way>
  <way id="314654689">
    <nd ref="187847747"/>
    <nd ref="8200589988"/>
    <nd ref="187847749"/>
    <nd ref="187847751"/>
    <nd ref="187847755"/>
    <tag k="destination:ref" v="I 94 East"/>
    <tag k="highway" v="motorway_link"/>
    <tag k="oneway" v="yes"/>
    <tag k="tiger:cfcc" v="A63"/>
    <tag k="tiger:county" v="Ramsey, MN"/>
  </way>
  <way id="530551766">
    <nd ref="5151759779"/>
    <nd ref="5151759778"/>
    <tag k="bicycle" v="no"/>
    <tag k="bridge" v="yes"/>
    <tag k="destination" v="Plato Boulevard"/>
    <tag k="foot" v="no"/>
    <tag k="highway" v="motorway_link"/>
    <tag k="junction:ref" v="130"/>
    <tag k="layer" v="1"/>
    <tag k="oneway" v="yes"/>
    <tag k="surface" v="concrete"/>
  </way>
  <way id="637589287">
    <nd ref="507944534"/>
    <nd ref="13239364285"/>
    <nd ref="6010659345"/>
    <tag k="NHS" v="yes"/>
    <tag k="bicycle" v="no"/>
    <tag k="destination" v="Rochester"/>
    <tag k="destination:ref" v="US 52"/>
    <tag k="foot" v="no"/>
    <tag k="hgv" v="designated"/>
    <tag k="hgv:national_network" v="yes"/>
    <tag k="highway" v="motorway"/>
    <tag k="lanes" v="1"/>
    <tag k="maxspeed" v="20 mph"/>
    <tag k="name" v="Lafayette Freeway"/>
    <tag k="name:etymology:wikidata" v="Q186652"/>
    <tag k="noref" v="yes"/>
    <tag k="oneway" v="yes"/>
    <tag k="source:hgv:national_network" v="Title 23: Highways Part 658 http://ecfr.gpoaccess.gov/cgi/t/text/text-idx?c=ecfr&amp;rgn=div5&amp;view=text&amp;node=23:1.0.1.7.33&amp;idno=23"/>
    <tag k="surface" v="asphalt"/>
  </way>
  <way id="638377595">
    <nd ref="579885144"/>
    <nd ref="187853307"/>
    <tag k="bicycle" v="no"/>
    <tag k="foot" v="no"/>
    <tag k="hgv" v="designated"/>
    <tag k="highway" v="motorway"/>
    <tag k="horse" v="no"/>
    <tag k="lanes" v="3"/>
    <tag k="maxspeed" v="55 mph"/>
    <tag k="oneway" v="yes"/>
    <tag k="ref" v="I 94"/>
    <tag k="surface" v="concrete"/>
    <tag k="unsigned_ref" v="US 12"/>
  </way>
  <way id="638377695">
    <nd ref="961117695"/>
    <nd ref="961117696"/>
    <nd ref="961117697"/>
    <nd ref="961117698"/>
    <nd ref="961117699"/>
    <nd ref="961117700"/>
    <nd ref="961117701"/>
    <nd ref="961117624"/>
    <tag k="destination:ref" v="I 35E North;US 10 West"/>
    <tag k="highway" v="motorway"/>
    <tag k="lanes" v="2"/>
    <tag k="oneway" v="yes"/>
    <tag k="ref" v="US 10"/>
    <tag k="tiger:cfcc" v="A63"/>
    <tag k="tiger:county" v="Ramsey, MN"/>
  </way>
  <way id="638519815">
    <nd ref="466322939"/>
    <nd ref="466322941"/>
    <nd ref="466322943"/>
    <nd ref="466322945"/>
    <nd ref="466322948"/>
    <nd ref="466322950"/>
    <nd ref="188401149"/>
    <tag k="bicycle" v="no"/>
    <tag k="destination:lanes" v="none|none|McKnight Road|Century Avenue"/>
    <tag k="foot" v="no"/>
    <tag k="hgv" v="designated"/>
    <tag k="highway" v="motorway"/>
    <tag k="horse" v="no"/>
    <tag k="lanes" v="4"/>
    <tag k="maxspeed" v="55 mph"/>
    <tag k="oneway" v="yes"/>
    <tag k="ref" v="I 94"/>
    <tag k="turn:lanes" v="|||slight_right"/>
    <tag k="unsigned_ref" v="US 12"/>
  </way>
  <way id="638519816">
    <nd ref="759800524"/>
    <nd ref="466322956"/>
    <nd ref="9909574664"/>
    <tag k="destination" v="Saint Paul"/>
    <tag k="destination:ref" v="I 94 West"/>
    <tag k="highway" v="motorway_link"/>
    <tag k="lanes" v="2"/>
    <tag k="oneway" v="yes"/>
    <tag k="tiger:cfcc" v="A63"/>
    <tag k="tiger:county" v="Washington, MN"/>
    <tag k="turn:lanes" v="none|merge_to_left"/>
  </way>
  <way id="638519817">
    <nd ref="188514000"/>
    <nd ref="9477041450"/>
    <nd ref="188513999"/>
    <nd ref="188513998"/>
    <nd ref="759800409"/>
    <tag k="bicycle" v="no"/>
    <tag k="destination:lanes" v="Madison|Madison|Madison;none|none"/>
    <tag k="foot" v="no"/>
    <tag k="hgv" v="designated"/>
    <tag k="highway" v="motorway"/>
    <tag k="horse" v="no"/>
    <tag k="lanes" v="4"/>
    <tag k="maxspeed" v="55 mph"/>
    <tag k="oneway" v="yes"/>
    <tag k="ref" v="I 94"/>
    <tag k="turn:lanes" v="none|none|through;slight_right|slight_right"/>
    <tag k="unsigned_ref" v="US 12"/>
    <tag k="wikidata" v="Q94965"/>
  </way>
  <way id="638519829">
    <nd ref="187853307"/>
    <nd ref="759816387"/>
    <nd ref="512017537"/>
    <nd ref="187872238"/>
    <nd ref="512017536"/>
    <nd ref="187872234"/>
    <nd ref="558551373"/>
    <tag k="bicycle" v="no"/>
    <tag k="foot" v="no"/>
    <tag k="hgv" v="designated"/>
    <tag k="highway" v="motorway"/>
    <tag k="horse" v="no"/>
    <tag k="lanes" v="3"/>
    <tag k="maxspeed" v="55 mph"/>
    <tag k="oneway" v="yes"/>
    <tag k="ref" v="I 94"/>
    <tag k="surface" v="concrete"/>
    <tag k="unsigned_ref" v="US 12"/>
  </way>
  <way id="638519832">
    <nd ref="187853434"/>
    <nd ref="12378161767"/>
    <nd ref="187871920"/>
    <nd ref="187871921"/>
    <nd ref="187871922"/>
    <nd ref="187871923"/>
    <nd ref="187871925"/>
    <nd ref="187871929"/>
    <nd ref="187871931"/>
    <nd ref="187871933"/>
    <nd ref="187852865"/>
    <tag k="bicycle" v="no"/>
    <tag k="destination:lanes" v="||North McKnight Road;South McKnight Road"/>
    <tag k="foot" v="no"/>
    <tag k="hgv" v="designated"/>
    <tag k="highway" v="motorway"/>
    <tag k="horse" v="no"/>
    <tag k="lanes" v="3"/>
    <tag k="maxspeed" v="55 mph"/>
    <tag k="oneway" v="yes"/>
    <tag k="ref" v="I 94"/>
    <tag k="surface" v="concrete"/>
    <tag k="tiger:cfcc" v="A15"/>
    <tag k="tiger:county" v="Ramsey, MN"/>
    <tag k="tiger:name_base" v="I-94"/>
    <tag k="tiger:name_base_1" v="United States Highway 12"/>
    <tag k="turn:lanes" v="||through;slight_right"/>
    <tag k="unsigned_ref" v="US 12"/>
    <tag k="wikidata" v="Q94965"/>
  </way>
  <way id="722710182">
    <nd ref="961117608"/>
    <nd ref="6779270751"/>
    <nd ref="6779270752"/>
    <nd ref="6779270753"/>
    <nd ref="6779270754"/>
    <nd ref="6779270755"/>
    <nd ref="13044384792"/>
    <tag k="destination:ref" v="I 35E North;US 10 West"/>
    <tag k="highway" v="motorway"/>
    <tag k="lanes" v="2"/>
    <tag k="oneway" v="yes"/>
    <tag k="ref" v="US 10"/>
    <tag k="tiger:cfcc" v="A63"/>
    <tag k="tiger:county" v="Ramsey, MN"/>
  </way>
  <way id="722710185">
    <nd ref="961117629"/>
    <nd ref="6779270770"/>
    <nd ref="6779270771"/>
    <nd ref="6779270772"/>
    <nd ref="6779270773"/>
    <nd ref="6779270774"/>
    <nd ref="13044384792"/>
    <tag k="bicycle" v="no"/>
    <tag k="foot" v="no"/>
    <tag k="hgv" v="designated"/>
    <tag k="highway" v="motorway"/>
    <tag k="horse" v="no"/>
    <tag k="lanes" v="3"/>
    <tag k="official_name" v="34th Infantry (Red Bull) Division Highway"/>
    <tag k="oneway" v="yes"/>
    <tag k="ref" v="I 35E"/>
    <tag k="sidewalk:both" v="no"/>
  </way>
  <way id="722710186">
    <nd ref="6779270765"/>
    <nd ref="6779270766"/>
    <tag k="bicycle" v="no"/>
    <tag k="destination:lanes" v="none|Wacouta Street|10th Street;none|none"/>
    <tag k="foot" v="no"/>
    <tag k="hgv" v="designated"/>
    <tag k="highway" v="motorway"/>
    <tag k="horse" v="no"/>
    <tag k="lanes" v="4"/>
    <tag k="official_name" v="34th Infantry (Red Bull) Division Highway"/>
    <tag k="oneway" v="yes"/>
    <tag k="ref" v="I 35E"/>
    <tag k="turn:lanes" v="slight_left|slight_left|slight_left;through|none"/>
  </way>
  <way id="722710187">
    <nd ref="6779270765"/>
    <nd ref="6779281885"/>
    <nd ref="6779281887"/>
    <nd ref="6779281888"/>
    <nd ref="6779281889"/>
    <nd ref="961115894"/>
    <tag k="destination:ref" v="I 94 West"/>
    <tag k="highway" v="motorway_link"/>
    <tag k="junction:ref" v="107B"/>
    <tag k="lane_markings" v="yes"/>
    <tag k="oneway" v="yes"/>
  </way>
  <way id="722710188">
    <nd ref="6779281890"/>
    <nd ref="13044585305"/>
    <nd ref="961116065"/>
    <tag k="destination:lanes" v="none|none;Wacouta Street|10th Street"/>
    <tag k="highway" v="motorway"/>
    <tag k="lanes" v="3"/>
    <tag k="oneway" v="yes"/>
    <tag k="ref" v="US 10"/>
    <tag k="tiger:cfcc" v="A15"/>
    <tag k="tiger:county" v="Ramsey, MN"/>
    <tag k="tiger:name_base" v="United States Highway 10"/>
    <tag k="turn:lanes" v="slight_left|slight_left;slight_right|slight_right"/>
  </way>
  <way id="722712889">
    <nd ref="13044384791"/>
    <nd ref="6779281892"/>
    <tag k="bicycle" v="no"/>
    <tag k="bridge" v="yes"/>
    <tag k="foot" v="no"/>
    <tag k="hgv" v="designated"/>
    <tag k="highway" v="motorway"/>
    <tag k="horse" v="no"/>
    <tag k="lanes" v="5"/>
    <tag k="layer" v="1"/>
    <tag k="maxspeed" v="60 mph"/>
    <tag k="official_name" v="34th Infantry (Red Bull) Division Highway"/>
    <tag k="oneway" v="yes"/>
    <tag k="ref" v="I 35E;US 10"/>
  </way>
  <way id="722800204">
    <nd ref="12414091895"/>
    <nd ref="6779994200"/>
    <nd ref="6779994202"/>
    <nd ref="6779994203"/>
    <nd ref="6779994204"/>
    <nd ref="6779994205"/>
    <nd ref="6779994206"/>
    <nd ref="6779994207"/>
    <nd ref="6779994208"/>
    <nd ref="6779994209"/>
    <nd ref="6779994210"/>
    <nd ref="6779994211"/>
    <nd ref="187848818"/>
    <tag k="destination" v="University Avenue"/>
    <tag k="highway" v="motorway_link"/>
    <tag k="junction:ref" v="107C"/>
    <tag k="oneway" v="yes"/>
  </way>
  <way id="722800211">
    <nd ref="6779270775"/>
    <nd ref="12414091897"/>
    <tag k="bicycle" v="no"/>
    <tag k="bridge" v="yes"/>
    <tag k="destination:lanes" v="none|Wacouta Street|10th Street;none|none|none"/>
    <tag k="foot" v="no"/>
    <tag k="hgv" v="designated"/>
    <tag k="highway" v="motorway"/>
    <tag k="horse" v="no"/>
    <tag k="lanes" v="5"/>
    <tag k="layer" v="1"/>
    <tag k="official_name" v="34th Infantry (Red Bull) Division Highway"/>
    <tag k="oneway" v="yes"/>
    <tag k="ref" v="I 35E"/>
    <tag k="turn:lanes" v="slight_left|slight_left|slight_left;through|none|slight_right"/>
  </way>
  <way id="737103897">
    <nd ref="759800437"/>
    <nd ref="6900818745"/>
    <nd ref="6900818746"/>
    <nd ref="6900818747"/>
    <nd ref="6900818748"/>
    <nd ref="6900818749"/>
    <nd ref="6900818750"/>
    <nd ref="6900818751"/>
    <nd ref="6900818752"/>
    <nd ref="6900818753"/>
    <nd ref="6900818754"/>
    <nd ref="6900818755"/>
    <nd ref="6900818756"/>
    <nd ref="6900818757"/>
    <nd ref="6900818758"/>
    <nd ref="6900818759"/>
    <nd ref="6900818760"/>
    <nd ref="6900818761"/>
    <nd ref="6900818762"/>
    <nd ref="6900818763"/>
    <nd ref="6900818764"/>
    <nd ref="6900818765"/>
    <nd ref="6900818766"/>
    <nd ref="6900818767"/>
    <nd ref="6900818768"/>
    <nd ref="6900818769"/>
    <nd ref="6900818770"/>
    <nd ref="6900818771"/>
    <nd ref="6900818772"/>
    <nd ref="6900818773"/>
    <nd ref="6900818774"/>
    <nd ref="6900818775"/>
    <nd ref="6900818776"/>
    <nd ref="6900818777"/>
    <nd ref="6900818778"/>
    <nd ref="6900818779"/>
    <tag k="destination:ref" v="I 494 South"/>
    <tag k="highway" v="motorway_link"/>
    <tag k="oneway" v="yes"/>
    <tag k="surface" v="concrete"/>
  </way>
  <way id="737103899">
    <nd ref="6900818816"/>
    <nd ref="6900818817"/>
    <nd ref="6900818818"/>
    <nd ref="6900818819"/>
    <nd ref="6900818820"/>
    <nd ref="6900818821"/>
    <nd ref="6900818822"/>
    <nd ref="6900818823"/>
    <nd ref="6900818824"/>
    <nd ref="6900818825"/>
    <nd ref="6900818826"/>
    <nd ref="6900818827"/>
    <nd ref="6900818828"/>
    <nd ref="6900818829"/>
    <nd ref="6900818830"/>
    <nd ref="6900818831"/>
    <nd ref="6900818832"/>
    <nd ref="6900818833"/>
    <nd ref="6900818834"/>
    <nd ref="6900818835"/>
    <nd ref="6900818836"/>
    <nd ref="6900818837"/>
    <nd ref="6900818838"/>
    <nd ref="6900818839"/>
    <nd ref="6900818840"/>
    <nd ref="6900818841"/>
    <nd ref="6900818842"/>
    <nd ref="6900818843"/>
    <nd ref="6900818844"/>
    <nd ref="6900818845"/>
    <nd ref="6900818846"/>
    <nd ref="6900818847"/>
    <nd ref="6900818848"/>
    <nd ref="6900818849"/>
    <nd ref="6900818850"/>
    <nd ref="12062537294"/>
    <nd ref="6900818851"/>
    <tag k="destination" v="Saint Paul"/>
    <tag k="destination:ref" v="I 94 West"/>
    <tag k="highway" v="motorway_link"/>
    <tag k="junction:ref" v="58A"/>
    <tag k="oneway" v="yes"/>
    <tag k="surface" v="concrete"/>
    <tag k="tiger:cfcc" v="A63"/>
    <tag k="tiger:county" v="Washington, MN"/>
  </way>
  <way id="745522961">
    <nd ref="11279830119"/>
    <nd ref="6978577234"/>
    <nd ref="9106399452"/>
    <nd ref="6978577233"/>
    <nd ref="9106399453"/>
    <nd ref="9106399459"/>
    <nd ref="8606869688"/>
    <tag k="destination" v="Mounds Boulevard South"/>
    <tag k="highway" v="motorway_link"/>
    <tag k="lanes" v="1"/>
    <tag k="oneway" v="yes"/>
    <tag k="surface" v="asphalt"/>
  </way>
  <way id="745524608">
    <nd ref="6978586133"/>
    <nd ref="8200590016"/>
    <nd ref="6978586131"/>
    <nd ref="6978586129"/>
    <nd ref="6978586127"/>
    <nd ref="187852131"/>
    <nd ref="187852128"/>
    <nd ref="187852125"/>
    <nd ref="187872209"/>
    <tag k="destination:ref" v="I 94 West"/>
    <tag k="highway" v="motorway_link"/>
    <tag k="oneway" v="yes"/>
    <tag k="tiger:cfcc" v="A63"/>
    <tag k="tiger:county" v="Ramsey, MN"/>
  </way>
  <way id="745524613">
    <nd ref="187851287"/>
    <nd ref="8200589978"/>
    <nd ref="6978586177"/>
    <nd ref="6978586176"/>
    <nd ref="6978586174"/>
    <nd ref="6978586173"/>
    <nd ref="187851283"/>
    <nd ref="8200589977"/>
    <nd ref="558551373"/>
    <tag k="destination:ref" v="I 94 West"/>
    <tag k="highway" v="motorway_link"/>
    <tag k="oneway" v="yes"/>
    <tag k="tiger:cfcc" v="A63"/>
    <tag k="tiger:county" v="Ramsey, MN"/>
  </way>
  <way id="769817990">
    <nd ref="7186059404"/>
    <nd ref="7185941871"/>
    <nd ref="7186059454"/>
    <nd ref="7186059491"/>
    <nd ref="3889861265"/>
    <tag k="bicycle" v="no"/>
    <tag k="bridge" v="yes"/>
    <tag k="destination:ref" v="US 52 South"/>
    <tag k="foot" v="no"/>
    <tag k="hgv" v="designated"/>
    <tag k="hgv:national_network" v="yes"/>
    <tag k="highway" v="motorway_link"/>
    <tag k="junction:ref" v="242D"/>
    <tag k="lanes" v="1"/>
    <tag k="layer" v="1"/>
    <tag k="oneway" v="yes"/>
    <tag k="opening_date" v="2015-09"/>
    <tag k="ref" v="US 52"/>
    <tag k="source:hgv:national_network" v="Title 23: Highways Part 658 http://ecfr.gpoaccess.gov/cgi/t/text/text-idx?c=ecfr&amp;rgn=div5&amp;view=text&amp;node=23:1.0.1.7.33&amp;idno=23"/>
    <tag k="surface" v="concrete"/>
    <tag k="tiger:county" v="Ramsey, MN"/>
  </way>
  <way id="769818012">
    <nd ref="7186059400"/>
    <nd ref="7186059394"/>
    <nd ref="7186059523"/>
    <nd ref="7185941868"/>
    <nd ref="7185941857"/>
    <nd ref="7186059426"/>
    <nd ref="7185941860"/>
    <nd ref="9424579829"/>
    <tag k="NHS" v="yes"/>
    <tag k="bridge" v="yes"/>
    <tag k="bridge:name" v="Lafayette Bridge"/>
    <tag k="hgv" v="designated"/>
    <tag k="hgv:national_network" v="yes"/>
    <tag k="highway" v="motorway_link"/>
    <tag k="lanes" v="1"/>
    <tag k="layer" v="1"/>
    <tag k="maxspeed" v="55 mph"/>
    <tag k="maxspeed:advisory" v="30 mph"/>
    <tag k="oneway" v="yes"/>
    <tag k="ref" v="US 52"/>
    <tag k="source:hgv:national_network" v="Title 23: Highways Part 658 http://ecfr.gpoaccess.gov/cgi/t/text/text-idx?c=ecfr&amp;rgn=div5&amp;view=text&amp;node=23:1.0.1.7.33&amp;idno=23"/>
    <tag k="start_date" v="2015"/>
    <tag k="surface" v="paved"/>
    <tag k="wikidata" v="Q6471357"/>
    <tag k="wikipedia" v="en:Lafayette Bridge"/>
  </way>
  <way id="769818013">
    <nd ref="507944527"/>
    <nd ref="3889861267"/>
    <nd ref="7185941852"/>
    <nd ref="2292977523"/>
    <tag k="NHS" v="yes"/>
    <tag k="bicycle" v="no"/>
    <tag k="bridge" v="yes"/>
    <tag k="destination" v="Rochester"/>
    <tag k="destination:ref" v="US 52"/>
    <tag k="foot" v="no"/>
    <tag k="hgv" v="designated"/>
    <tag k="hgv:national_network" v="yes"/>
    <tag k="highway" v="motorway"/>
    <tag k="lanes" v="2"/>
    <tag k="layer" v="1"/>
    <tag k="maxspeed" v="55 mph"/>
    <tag k="name" v="Lafayette Freeway"/>
    <tag k="name:etymology:wikidata" v="Q186652"/>
    <tag k="noref" v="yes"/>
    <tag k="oneway" v="yes"/>
    <tag k="source:hgv:national_network" v="Title 23: Highways Part 658 http://ecfr.gpoaccess.gov/cgi/t/text/text-idx?c=ecfr&amp;rgn=div5&amp;view=text&amp;node=23:1.0.1.7.33&amp;idno=23"/>
    <tag k="surface" v="asphalt"/>
  </way>
  <way id="769818020">
    <nd ref="9424579837"/>
    <nd ref="2291969928"/>
    <nd ref="7186059400"/>
    <tag k="NHS" v="yes"/>
    <tag k="bicycle" v="no"/>
    <tag k="bridge" v="yes"/>
    <tag k="bridge:name" v="Lafayette Bridge"/>
    <tag k="destination:ref:lanes" v="I 94 East;US 10 East|I 94 West;US 10 West"/>
    <tag k="destination:ref:to:lanes" v="|I 35E"/>
    <tag k="foot" v="no"/>
    <tag k="hgv" v="designated"/>
    <tag k="hgv:national_network" v="yes"/>
    <tag k="highway" v="motorway"/>
    <tag k="lanes" v="2"/>
    <tag k="layer" v="1"/>
    <tag k="maxspeed:advisory" v="30 mph"/>
    <tag k="name" v="Lafayette Freeway"/>
    <tag k="name:etymology:wikidata" v="Q186652"/>
    <tag k="oneway" v="yes"/>
    <tag k="ref" v="US 52"/>
    <tag k="source:hgv:national_network" v="Title 23: Highways Part 658 http://ecfr.gpoaccess.gov/cgi/t/text/text-idx?c=ecfr&amp;rgn=div5&amp;view=text&amp;node=23:1.0.1.7.33&amp;idno=23"/>
    <tag k="start_date" v="2015"/>
    <tag k="surface" v="paved"/>
    <tag k="turn:lanes" v="slight_right|slight_right"/>
    <tag k="wikidata" v="Q6471357"/>
    <tag k="wikipedia" v="en:Lafayette Bridge"/>
  </way>
  <way id="769818023">
    <nd ref="7186059443"/>
    <nd ref="7186059530"/>
    <nd ref="7186059489"/>
    <nd ref="7186059487"/>
    <nd ref="7185941856"/>
    <nd ref="7186059480"/>
    <nd ref="7186059501"/>
    <nd ref="7186059514"/>
    <nd ref="7186059520"/>
    <nd ref="7186059450"/>
    <nd ref="2291969939"/>
    <nd ref="7186059494"/>
    <nd ref="7186059420"/>
    <nd ref="493753738"/>
    <tag k="bicycle" v="no"/>
    <tag k="destination:ref" v="I 94 East;US 10 East"/>
    <tag k="foot" v="no"/>
    <tag k="highway" v="motorway_link"/>
    <tag k="maxspeed:advisory" v="30 mph"/>
    <tag k="oneway" v="yes"/>
  </way>
  <way id="769818024">
    <nd ref="7186059400"/>
    <nd ref="7186059521"/>
    <nd ref="7186059447"/>
    <nd ref="7185941853"/>
    <nd ref="9424579838"/>
    <nd ref="7186059479"/>
    <nd ref="7186059443"/>
    <tag k="bridge" v="yes"/>
    <tag k="destination:ref" v="I 94 East;US 10 East"/>
    <tag k="highway" v="motorway_link"/>
    <tag k="layer" v="1"/>
    <tag k="maxspeed:advisory" v="30 mph"/>
    <tag k="oneway" v="yes"/>
  </way>
  <way id="769818025">
    <nd ref="3889861265"/>
    <nd ref="7186988792"/>
    <tag k="NHS" v="yes"/>
    <tag k="bicycle" v="no"/>
    <tag k="bridge" v="yes"/>
    <tag k="bridge:name" v="Lafayette Bridge"/>
    <tag k="foot" v="no"/>
    <tag k="hgv" v="designated"/>
    <tag k="hgv:national_network" v="yes"/>
    <tag k="highway" v="motorway"/>
    <tag k="lanes" v="4"/>
    <tag k="layer" v="1"/>
    <tag k="maxspeed" v="55 mph"/>
    <tag k="name" v="Lafayette Freeway"/>
    <tag k="name:etymology:wikidata" v="Q186652"/>
    <tag k="oneway" v="yes"/>
    <tag k="ref" v="US 52"/>
    <tag k="source" v="gps"/>
    <tag k="source:hgv:national_network" v="Title 23: Highways Part 658 http://ecfr.gpoaccess.gov/cgi/t/text/text-idx?c=ecfr&amp;rgn=div5&amp;view=text&amp;node=23:1.0.1.7.33&amp;idno=23"/>
    <tag k="start_date" v="2015"/>
    <tag k="surface" v="paved"/>
    <tag k="turn:lanes" v="none|none|none|merge_to_left"/>
    <tag k="wikidata" v="Q6471357"/>
    <tag k="wikipedia" v="en:Lafayette Bridge"/>
  </way>
  <way id="769819340">
    <nd ref="962135330"/>
    <nd ref="962135340"/>
    <nd ref="962135345"/>
    <nd ref="962133896"/>
    <tag k="destination" v="6th Street"/>
    <tag k="highway" v="motorway_link"/>
    <tag k="lanes" v="1"/>
    <tag k="oneway" v="yes"/>
    <tag k="tiger:county" v="Ramsey, MN"/>
  </way>
  <way id="769856397">
    <nd ref="7186988829"/>
    <nd ref="7186988852"/>
    <nd ref="5151759779"/>
    <tag k="NHS" v="yes"/>
    <tag k="bicycle" v="no"/>
    <tag k="bridge" v="yes"/>
    <tag k="bridge:name" v="Lafayette Bridge"/>
    <tag k="destination:lanes" v="none|Eaton Street|Plato Boulevard"/>
    <tag k="foot" v="no"/>
    <tag k="hgv" v="designated"/>
    <tag k="hgv:national_network" v="yes"/>
    <tag k="highway" v="motorway"/>
    <tag k="lanes" v="3"/>
    <tag k="layer" v="1"/>
    <tag k="maxspeed" v="55 mph"/>
    <tag k="name" v="Lafayette Freeway"/>
    <tag k="name:etymology:wikidata" v="Q186652"/>
    <tag k="note" v="Right lane EXIT ONLY"/>
    <tag k="oneway" v="yes"/>
    <tag k="ref" v="US 52"/>
    <tag k="source" v="gps"/>
    <tag k="source:hgv:national_network" v="Title 23: Highways Part 658 http://ecfr.gpoaccess.gov/cgi/t/text/text-idx?c=ecfr&amp;rgn=div5&amp;view=text&amp;node=23:1.0.1.7.33&amp;idno=23"/>
    <tag k="start_date" v="2015"/>
    <tag k="surface" v="concrete"/>
    <tag k="turn:lanes" v="none|none|slight_right"/>
    <tag k="wikidata" v="Q6471357"/>
    <tag k="wikipedia" v="en:Lafayette Bridge"/>
  </way>
  <way id="769856398">
    <nd ref="5151759779"/>
    <nd ref="507944532"/>
    <tag k="NHS" v="yes"/>
    <tag k="alt_name" v="Lafayette Freeway"/>
    <tag k="bicycle" v="no"/>
    <tag k="bridge" v="yes"/>
    <tag k="foot" v="no"/>
    <tag k="hgv" v="designated"/>
    <tag k="hgv:national_network" v="yes"/>
    <tag k="highway" v="motorway"/>
    <tag k="lanes" v="2"/>
    <tag k="layer" v="1"/>
    <tag k="maxspeed" v="55 mph"/>
    <tag k="name" v="Lafayette Bridge"/>
    <tag k="name:etymology:wikidata" v="Q186652"/>
    <tag k="oneway" v="yes"/>
    <tag k="ref" v="US 52"/>
    <tag k="source" v="gps"/>
    <tag k="source:hgv:national_network" v="Title 23: Highways Part 658 http://ecfr.gpoaccess.gov/cgi/t/text/text-idx?c=ecfr&amp;rgn=div5&amp;view=text&amp;node=23:1.0.1.7.33&amp;idno=23"/>
    <tag k="start_date" v="2015"/>
    <tag k="surface" v="concrete"/>
    <tag k="wikidata" v="Q6471357"/>
    <tag k="wikipedia" v="en:Lafayette Bridge"/>
  </way>
  <way id="769856399">
    <nd ref="7186988843"/>
    <nd ref="7186059446"/>
    <tag k="NHS" v="yes"/>
    <tag k="bicycle" v="no"/>
    <tag k="bridge" v="yes"/>
    <tag k="bridge:name" v="Lafayette Bridge"/>
    <tag k="destination:ref:lanes" v="I 94 East;US 10 East|I 94 West;US 10 West;MN 5"/>
    <tag k="destination:ref:to:lanes" v="|I 35E|"/>
    <tag k="destination:street:lanes" v="||7th Street"/>
    <tag k="foot" v="no"/>
    <tag k="hgv" v="designated"/>
    <tag k="hgv:national_network" v="yes"/>
    <tag k="highway" v="motorway"/>
    <tag k="lanes" v="3"/>
    <tag k="layer" v="1"/>
    <tag k="maxspeed" v="55 mph"/>
    <tag k="name" v="Lafayette Freeway"/>
    <tag k="name:etymology:wikidata" v="Q186652"/>
    <tag k="oneway" v="yes"/>
    <tag k="ref" v="US 52"/>
    <tag k="source:hgv:national_network" v="Title 23: Highways Part 658 http://ecfr.gpoaccess.gov/cgi/t/text/text-idx?c=ecfr&amp;rgn=div5&amp;view=text&amp;node=23:1.0.1.7.33&amp;idno=23"/>
    <tag k="start_date" v="2015"/>
    <tag k="surface" v="paved"/>
    <tag k="wikidata" v="Q6471357"/>
    <tag k="wikipedia" v="en:Lafayette Bridge"/>
  </way>
  <way id="769856407">
    <nd ref="7186988792"/>
    <nd ref="7186988829"/>
    <tag k="NHS" v="yes"/>
    <tag k="bicycle" v="no"/>
    <tag k="bridge" v="yes"/>
    <tag k="bridge:name" v="Lafayette Bridge"/>
    <tag k="foot" v="no"/>
    <tag k="hgv" v="designated"/>
    <tag k="hgv:national_network" v="yes"/>
    <tag k="highway" v="motorway"/>
    <tag k="lanes" v="3"/>
    <tag k="layer" v="1"/>
    <tag k="maxspeed" v="55 mph"/>
    <tag k="name" v="Lafayette Freeway"/>
    <tag k="name:etymology:wikidata" v="Q186652"/>
    <tag k="oneway" v="yes"/>
    <tag k="ref" v="US 52"/>
    <tag k="source" v="gps"/>
    <tag k="source:hgv:national_network" v="Title 23: Highways Part 658 http://ecfr.gpoaccess.gov/cgi/t/text/text-idx?c=ecfr&amp;rgn=div5&amp;view=text&amp;node=23:1.0.1.7.33&amp;idno=23"/>
    <tag k="start_date" v="2015"/>
    <tag k="surface" v="paved"/>
    <tag k="wikidata" v="Q6471357"/>
    <tag k="wikipedia" v="en:Lafayette Bridge"/>
  </way>
  <way id="896732614">
    <nd ref="187850200"/>
    <nd ref="187850204"/>
    <tag k="highway" v="motorway_link"/>
    <tag k="oneway" v="yes"/>
  </way>
  <way id="953888667">
    <nd ref="493685749"/>
    <nd ref="962133967"/>
    <nd ref="962133341"/>
    <tag k="destination:ref" v="I 94 East"/>
    <tag k="highway" v="motorway_link"/>
    <tag k="oneway" v="yes"/>
    <tag k="surface" v="asphalt"/>
    <tag k="tiger:cfcc" v="A63"/>
    <tag k="tiger:county" v="Ramsey, MN"/>
  </way>
  <way id="954762805">
    <nd ref="962133272"/>
    <nd ref="962133300"/>
    <nd ref="962133302"/>
    <nd ref="962133316"/>
    <tag k="bicycle" v="no"/>
    <tag k="foot" v="no"/>
    <tag k="highway" v="motorway_link"/>
    <tag k="oneway" v="yes"/>
    <tag k="tiger:county" v="Ramsey, MN"/>
  </way>
  <way id="976715700">
    <nd ref="6779270766"/>
    <nd ref="961115820"/>
    <tag k="destination" v="10th Street;Wacouta Street"/>
    <tag k="destination:ref" v="US 10 East;I 94 East;US 52 South"/>
    <tag k="highway" v="motorway"/>
    <tag k="junction:ref" v="107A"/>
    <tag k="lanes" v="3"/>
    <tag k="oneway" v="yes"/>
    <tag k="ref" v="US 10"/>
    <tag k="tiger:cfcc" v="A63"/>
    <tag k="tiger:county" v="Ramsey, MN"/>
  </way>
  <way id="976715701">
    <nd ref="6779270766"/>
    <nd ref="961115842"/>
    <tag k="bicycle" v="no"/>
    <tag k="foot" v="no"/>
    <tag k="hgv" v="designated"/>
    <tag k="highway" v="motorway"/>
    <tag k="horse" v="no"/>
    <tag k="lanes" v="2"/>
    <tag k="official_name" v="34th Infantry (Red Bull) Division Highway"/>
    <tag k="oneway" v="yes"/>
    <tag k="ref" v="I 35E"/>
  </way>
  <way id="976715702">
    <nd ref="961116007"/>
    <nd ref="961116008"/>
    <nd ref="961116011"/>
    <nd ref="961116013"/>
    <nd ref="961116016"/>
    <nd ref="961116018"/>
    <nd ref="961116020"/>
    <nd ref="961116022"/>
    <nd ref="961116023"/>
    <nd ref="961116024"/>
    <nd ref="961116025"/>
    <nd ref="961118210"/>
    <nd ref="961118211"/>
    <nd ref="961118212"/>
    <nd ref="961118213"/>
    <nd ref="961118214"/>
    <nd ref="961118215"/>
    <nd ref="961118216"/>
    <nd ref="961118217"/>
    <nd ref="961118218"/>
    <nd ref="961118219"/>
    <nd ref="961118220"/>
    <nd ref="1332535108"/>
    <tag k="destination:ref" v="I 94 East;US 10 East"/>
    <tag k="highway" v="motorway"/>
    <tag k="lanes" v="1"/>
    <tag k="oneway" v="yes"/>
    <tag k="ref" v="US 10"/>
    <tag k="tiger:cfcc" v="A15"/>
    <tag k="tiger:county" v="Ramsey, MN"/>
    <tag k="tiger:name_base" v="United States Highway 10"/>
    <tag k="wikidata" v="Q406876"/>
  </way>
  <way id="984989022">
    <nd ref="8606869688"/>
    <nd ref="6978577230"/>
    <nd ref="9106399464"/>
    <nd ref="524837942"/>
    <tag k="highway" v="motorway_link"/>
    <tag k="oneway" v="yes"/>
  </way>
  <way id="990242286">
    <nd ref="961086633"/>
    <nd ref="961086634"/>
    <nd ref="961086636"/>
    <nd ref="961086637"/>
    <nd ref="961086639"/>
    <nd ref="961086641"/>
    <nd ref="961086643"/>
    <nd ref="961086647"/>
    <nd ref="961086648"/>
    <nd ref="961086650"/>
    <nd ref="961118233"/>
    <nd ref="961118234"/>
    <nd ref="961118235"/>
    <nd ref="1332535108"/>
    <tag k="bicycle" v="no"/>
    <tag k="destination:ref" v="I 94 East"/>
    <tag k="foot" v="no"/>
    <tag k="hgv" v="designated"/>
    <tag k="highway" v="motorway"/>
    <tag k="horse" v="no"/>
    <tag k="lanes" v="4"/>
    <tag k="maxspeed" v="55 mph"/>
    <tag k="oneway" v="yes"/>
    <tag k="ref" v="I 94"/>
    <tag k="tiger:cfcc" v="A15"/>
    <tag k="tiger:county" v="Ramsey, MN"/>
    <tag k="tiger:name_base" v="I-94"/>
    <tag k="tiger:name_base_1" v="United States Highway 12"/>
    <tag k="unsigned_ref" v="US 12;US 52"/>
    <tag k="wikidata" v="Q94965"/>
  </way>
  <way id="990242287">
    <nd ref="961069980"/>
    <nd ref="961069982"/>
    <nd ref="961086367"/>
    <nd ref="961086633"/>
    <tag k="bicycle" v="no"/>
    <tag k="destination:lanes" v="Metropolitan State University|none|none|none;7th Street"/>
    <tag k="destination:ref" v="I 94 East"/>
    <tag k="foot" v="no"/>
    <tag k="hgv" v="designated"/>
    <tag k="highway" v="motorway"/>
    <tag k="horse" v="no"/>
    <tag k="lanes" v="4"/>
    <tag k="maxspeed" v="55 mph"/>
    <tag k="oneway" v="yes"/>
    <tag k="ref" v="I 94"/>
    <tag k="tiger:cfcc" v="A15"/>
    <tag k="tiger:county" v="Ramsey, MN"/>
    <tag k="tiger:name_base" v="I-94"/>
    <tag k="tiger:name_base_1" v="United States Highway 12"/>
    <tag k="turn:lanes" v="none|none|none|through;slight_right"/>
    <tag k="unsigned_ref" v="US 12;US 52"/>
    <tag k="wikidata" v="Q94965"/>
  </way>
  <way id="990274478">
    <nd ref="187845843"/>
    <nd ref="187871895"/>
    <nd ref="187871896"/>
    <nd ref="187871900"/>
    <nd ref="187871902"/>
    <nd ref="187847759"/>
    <tag k="bicycle" v="no"/>
    <tag k="destination:lanes" v="none|none|Ruth Street|White Bear Avenue"/>
    <tag k="foot" v="no"/>
    <tag k="hgv" v="designated"/>
    <tag k="highway" v="motorway"/>
    <tag k="horse" v="no"/>
    <tag k="lanes" v="4"/>
    <tag k="maxspeed" v="55 mph"/>
    <tag k="oneway" v="yes"/>
    <tag k="ref" v="I 94"/>
    <tag k="surface" v="concrete"/>
    <tag k="tiger:cfcc" v="A15"/>
    <tag k="tiger:county" v="Ramsey, MN"/>
    <tag k="tiger:name_base" v="I-94"/>
    <tag k="tiger:name_base_1" v="United States Highway 12"/>
    <tag k="turn:lanes" v="none|none|none|slight_right"/>
    <tag k="unsigned_ref" v="US 12"/>
    <tag k="wikidata" v="Q94965"/>
  </way>
  <way id="990274479">
    <nd ref="187847759"/>
    <nd ref="187871904"/>
    <nd ref="187871906"/>
    <nd ref="187871908"/>
    <nd ref="187871912"/>
    <nd ref="187871914"/>
    <nd ref="187871916"/>
    <nd ref="187847755"/>
    <tag k="bicycle" v="no"/>
    <tag k="foot" v="no"/>
    <tag k="hgv" v="designated"/>
    <tag k="highway" v="motorway"/>
    <tag k="horse" v="no"/>
    <tag k="lanes" v="3"/>
    <tag k="maxspeed" v="55 mph"/>
    <tag k="oneway" v="yes"/>
    <tag k="ref" v="I 94"/>
    <tag k="surface" v="concrete"/>
    <tag k="tiger:cfcc" v="A15"/>
    <tag k="tiger:county" v="Ramsey, MN"/>
    <tag k="tiger:name_base" v="I-94"/>
    <tag k="tiger:name_base_1" v="United States Highway 12"/>
    <tag k="unsigned_ref" v="US 12"/>
    <tag k="wikidata" v="Q94965"/>
  </way>
  <way id="990274480">
    <nd ref="187847755"/>
    <nd ref="187853434"/>
    <tag k="bicycle" v="no"/>
    <tag k="destination:lanes" v="||McKnight Road|Ruth Street"/>
    <tag k="foot" v="no"/>
    <tag k="hgv" v="designated"/>
    <tag k="highway" v="motorway"/>
    <tag k="horse" v="no"/>
    <tag k="lanes" v="4"/>
    <tag k="maxspeed" v="55 mph"/>
    <tag k="oneway" v="yes"/>
    <tag k="ref" v="I 94"/>
    <tag k="surface" v="concrete"/>
    <tag k="tiger:cfcc" v="A15"/>
    <tag k="tiger:county" v="Ramsey, MN"/>
    <tag k="tiger:name_base" v="I-94"/>
    <tag k="tiger:name_base_1" v="United States Highway 12"/>
    <tag k="turn:lanes" v="|||slight_right"/>
    <tag k="unsigned_ref" v="US 12"/>
    <tag k="wikidata" v="Q94965"/>
  </way>
  <way id="990277837">
    <nd ref="2548150957"/>
    <nd ref="507944540"/>
    <tag k="NHS" v="yes"/>
    <tag k="bicycle" v="no"/>
    <tag k="foot" v="no"/>
    <tag k="hgv" v="designated"/>
    <tag k="hgv:national_network" v="yes"/>
    <tag k="highway" v="motorway"/>
    <tag k="lanes" v="3"/>
    <tag k="maxspeed" v="55 mph"/>
    <tag k="name" v="Lafayette Freeway"/>
    <tag k="name:etymology:wikidata" v="Q186652"/>
    <tag k="oneway" v="yes"/>
    <tag k="ref" v="US 52"/>
    <tag k="source:hgv:national_network" v="Title 23: Highways Part 658 http://ecfr.gpoaccess.gov/cgi/t/text/text-idx?c=ecfr&amp;rgn=div5&amp;view=text&amp;node=23:1.0.1.7.33&amp;idno=23"/>
    <tag k="surface" v="paved"/>
  </way>
  <way id="990884736">
    <nd ref="9155528269"/>
    <nd ref="2960205409"/>
    <nd ref="2960205410"/>
    <nd ref="2960205412"/>
    <nd ref="2960205414"/>
    <nd ref="187847116"/>
    <tag k="highway" v="motorway_link"/>
    <tag k="lanes" v="2"/>
    <tag k="oneway" v="yes"/>
    <tag k="tiger:cfcc" v="A63"/>
    <tag k="tiger:county" v="Ramsey, MN"/>
    <tag k="turn:lanes" v="left|left;through;right"/>
  </way>
  <way id="991112953">
    <nd ref="6978586136"/>
    <nd ref="8200589990"/>
    <nd ref="6978586133"/>
    <tag k="destination" v="White Bear Avenue"/>
    <tag k="highway" v="motorway_link"/>
    <tag k="lanes" v="2"/>
    <tag k="oneway" v="yes"/>
    <tag k="tiger:cfcc" v="A63"/>
    <tag k="tiger:county" v="Ramsey, MN"/>
    <tag k="turn:lanes" v="left|right"/>
  </way>
  <way id="996266724">
    <nd ref="188401149"/>
    <nd ref="491175654"/>
    <tag k="bicycle" v="no"/>
    <tag k="foot" v="no"/>
    <tag k="hgv" v="designated"/>
    <tag k="highway" v="motorway"/>
    <tag k="horse" v="no"/>
    <tag k="lanes" v="3"/>
    <tag k="maxspeed" v="55 mph"/>
    <tag k="oneway" v="yes"/>
    <tag k="ref" v="I 94"/>
    <tag k="unsigned_ref" v="US 12"/>
  </way>
  <way id="996549326">
    <nd ref="1894068489"/>
    <nd ref="956548056"/>
    <tag k="bicycle" v="no"/>
    <tag k="foot" v="no"/>
    <tag k="hgv" v="designated"/>
    <tag k="highway" v="motorway"/>
    <tag k="horse" v="no"/>
    <tag k="lanes" v="5"/>
    <tag k="maxspeed" v="55 mph"/>
    <tag k="oneway" v="yes"/>
    <tag k="ref" v="I 35E;I 94"/>
    <tag k="tiger:cfcc" v="A15"/>
    <tag k="tiger:county" v="Ramsey, MN"/>
    <tag k="tiger:name_base" v="I-35E"/>
    <tag k="turn:lanes" v="slight_left|slight_left|slight_right|slight_right|slight_right"/>
    <tag k="unsigned_ref" v="US 12;US 52"/>
  </way>
  <way id="998735810">
    <nd ref="524837601"/>
    <nd ref="187849203"/>
    <nd ref="187849201"/>
    <tag k="destination:ref" v="I 94 West"/>
    <tag k="highway" v="motorway_link"/>
    <tag k="lanes" v="1"/>
    <tag k="oneway" v="yes"/>
    <tag k="tiger:cfcc" v="A63"/>
    <tag k="tiger:county" v="Ramsey, MN"/>
  </way>
  <way id="998735811">
    <nd ref="9221216371"/>
    <nd ref="187849188"/>
    <nd ref="187849186"/>
    <nd ref="187849184"/>
    <nd ref="187849182"/>
    <nd ref="187849179"/>
    <tag k="destination:ref" v="I 94 West"/>
    <tag k="highway" v="motorway_link"/>
    <tag k="lanes" v="1"/>
    <tag k="oneway" v="yes"/>
    <tag k="tiger:cfcc" v="A63"/>
    <tag k="tiger:county" v="Ramsey, MN"/>
  </way>
  <way id="998736135">
    <nd ref="188401141"/>
    <nd ref="7157042933"/>
    <nd ref="187941723"/>
    <tag k="destination" v="Century Avenue"/>
    <tag k="destination:ref" v="MN 120"/>
    <tag k="highway" v="motorway_link"/>
    <tag k="lanes" v="3"/>
    <tag k="oneway" v="yes"/>
    <tag k="tiger:cfcc" v="A63"/>
    <tag k="tiger:county" v="Washington, MN"/>
    <tag k="turn:lanes" v="left;through|through|right"/>
  </way>
  <way id="998737535">
    <nd ref="187872200"/>
    <nd ref="187872199"/>
    <nd ref="187872197"/>
    <nd ref="512008386"/>
    <nd ref="581454510"/>
    <tag k="bicycle" v="no"/>
    <tag k="foot" v="no"/>
    <tag k="hgv" v="designated"/>
    <tag k="highway" v="motorway"/>
    <tag k="horse" v="no"/>
    <tag k="lanes" v="3"/>
    <tag k="maxspeed" v="55 mph"/>
    <tag k="oneway" v="yes"/>
    <tag k="ref" v="I 94"/>
    <tag k="surface" v="concrete"/>
    <tag k="unsigned_ref" v="US 12"/>
  </way>
  <way id="998737536">
    <nd ref="187872209"/>
    <nd ref="187872200"/>
    <tag k="bicycle" v="no"/>
    <tag k="foot" v="no"/>
    <tag k="hgv" v="designated"/>
    <tag k="highway" v="motorway"/>
    <tag k="horse" v="no"/>
    <tag k="lanes" v="3"/>
    <tag k="maxspeed" v="55 mph"/>
    <tag k="oneway" v="yes"/>
    <tag k="ref" v="I 94"/>
    <tag k="surface" v="concrete"/>
    <tag k="turn:lanes" v="none|none|through;slight_right"/>
    <tag k="unsigned_ref" v="US 12"/>
  </way>
  <way id="998741496">
    <nd ref="9221258227"/>
    <nd ref="8200589960"/>
    <nd ref="187853442"/>
    <tag k="destination" v="Ruth Street"/>
    <tag k="highway" v="motorway_link"/>
    <tag k="junction:ref" v="246A"/>
    <tag k="lanes" v="2"/>
    <tag k="oneway" v="yes"/>
    <tag k="tiger:cfcc" v="A63"/>
    <tag k="tiger:county" v="Ramsey, MN"/>
    <tag k="turn:lanes" v="left|right"/>
  </way>
  <way id="998760798">
    <nd ref="9221450947"/>
    <nd ref="962135739"/>
    <nd ref="962135771"/>
    <nd ref="962135775"/>
    <nd ref="962135782"/>
    <nd ref="1888749454"/>
    <nd ref="1553167767"/>
    <tag k="destination" v="7th Street"/>
    <tag k="highway" v="motorway_link"/>
    <tag k="junction:ref" v="242C"/>
    <tag k="lanes" v="2"/>
    <tag k="oneway" v="yes"/>
    <tag k="tiger:cfcc" v="A63"/>
    <tag k="tiger:county" v="Ramsey, MN"/>
    <tag k="tiger:reviewed" v="no"/>
    <tag k="turn:lanes" v="left|left;through"/>
  </way>
  <way id="999007700">
    <nd ref="558551373"/>
    <nd ref="187852148"/>
    <tag k="bicycle" v="no"/>
    <tag k="destination:lanes" v="none|none|none|White Bear Avenue"/>
    <tag k="foot" v="no"/>
    <tag k="hgv" v="designated"/>
    <tag k="highway" v="motorway"/>
    <tag k="horse" v="no"/>
    <tag k="lanes" v="4"/>
    <tag k="maxspeed" v="55 mph"/>
    <tag k="oneway" v="yes"/>
    <tag k="ref" v="I 94"/>
    <tag k="surface" v="concrete"/>
    <tag k="turn:lanes" v="none|none|none|slight_right"/>
    <tag k="unsigned_ref" v="US 12"/>
  </way>
  <way id="999347143">
    <nd ref="1068314151"/>
    <nd ref="12381800733"/>
    <tag k="bicycle" v="no"/>
    <tag k="destination:lanes" v="Mounds Boulevard;none|none|none|none|none"/>
    <tag k="foot" v="no"/>
    <tag k="hgv" v="designated"/>
    <tag k="highway" v="motorway"/>
    <tag k="lanes" v="5"/>
    <tag k="maxspeed" v="55 mph"/>
    <tag k="oneway" v="yes"/>
    <tag k="ref" v="I 94;US 10;US 12"/>
    <tag k="tiger:county" v="Ramsey, MN"/>
    <tag k="turn:lanes" v="slight_left;through|none|none|none|none"/>
    <tag k="unsigned_ref" v="US 12"/>
    <tag k="wikidata" v="Q94965"/>
    <tag k="wikidata_1" v="Q406876"/>
  </way>
  <way id="1000805867">
    <nd ref="187872100"/>
    <nd ref="759816432"/>
    <nd ref="3472300721"/>
    <nd ref="187872099"/>
    <nd ref="3472300745"/>
    <nd ref="3472300753"/>
    <nd ref="187872095"/>
    <nd ref="591354971"/>
    <nd ref="3472300764"/>
    <nd ref="187872092"/>
    <nd ref="3472300767"/>
    <nd ref="591354986"/>
    <nd ref="3472300768"/>
    <nd ref="187872091"/>
    <nd ref="3472300766"/>
    <nd ref="187872085"/>
    <nd ref="3472300759"/>
    <nd ref="591354997"/>
    <nd ref="3472300749"/>
    <nd ref="3472300736"/>
    <nd ref="187872083"/>
    <tag k="bicycle" v="no"/>
    <tag k="foot" v="no"/>
    <tag k="hgv" v="designated"/>
    <tag k="highway" v="motorway"/>
    <tag k="horse" v="no"/>
    <tag k="lanes" v="3"/>
    <tag k="maxspeed" v="55 mph"/>
    <tag k="oneway" v="yes"/>
    <tag k="ref" v="I 94;US 10"/>
    <tag k="surface" v="concrete"/>
    <tag k="unsigned_ref" v="US 12"/>
  </way>
  <way id="1001426896">
    <nd ref="961117649"/>
    <nd ref="961117650"/>
    <nd ref="961117651"/>
    <nd ref="961117652"/>
    <nd ref="961117653"/>
    <nd ref="961117654"/>
    <nd ref="961117655"/>
    <nd ref="961117656"/>
    <nd ref="961117657"/>
    <nd ref="961116211"/>
    <nd ref="961116213"/>
    <tag k="bicycle" v="no"/>
    <tag k="destination:lanes" v="Minneapolis|Minneapolis|Minneapolis;12th Street;State Capitol"/>
    <tag k="foot" v="no"/>
    <tag k="hgv" v="designated"/>
    <tag k="highway" v="motorway"/>
    <tag k="horse" v="no"/>
    <tag k="lanes" v="3"/>
    <tag k="maxspeed" v="55 mph"/>
    <tag k="oneway" v="yes"/>
    <tag k="ref" v="I 94"/>
    <tag k="surface" v="concrete"/>
    <tag k="turn:lanes" v="none|none|through;slight_right"/>
    <tag k="unsigned_ref" v="US 12;US 52"/>
  </way>
  <way id="1002654893">
    <nd ref="9253476924"/>
    <nd ref="187850535"/>
    <nd ref="187850533"/>
    <nd ref="187850531"/>
    <nd ref="187850530"/>
    <nd ref="13939667511"/>
    <nd ref="12330001624"/>
    <nd ref="187850529"/>
    <tag k="destination:ref" v="US 10 East;US 61 South"/>
    <tag k="highway" v="motorway_link"/>
    <tag k="junction:ref" v="244"/>
    <tag k="lanes" v="2"/>
    <tag k="oneway" v="yes"/>
    <tag k="tiger:cfcc" v="A63"/>
    <tag k="tiger:county" v="Ramsey, MN"/>
    <tag k="turn:lanes" v="left|none"/>
  </way>
  <way id="1002654894">
    <nd ref="9253476923"/>
    <nd ref="187850539"/>
    <nd ref="187850538"/>
    <nd ref="187850536"/>
    <nd ref="9253476924"/>
    <tag k="destination:ref" v="US 10 East;US 61 South"/>
    <tag k="highway" v="motorway_link"/>
    <tag k="junction:ref" v="244"/>
    <tag k="lanes" v="2"/>
    <tag k="oneway" v="yes"/>
    <tag k="tiger:cfcc" v="A63"/>
    <tag k="tiger:county" v="Ramsey, MN"/>
  </way>
  <way id="1007225773">
    <nd ref="187852865"/>
    <nd ref="187871940"/>
    <nd ref="187871942"/>
    <nd ref="9352845584"/>
    <tag k="bicycle" v="no"/>
    <tag k="foot" v="no"/>
    <tag k="hgv" v="designated"/>
    <tag k="highway" v="motorway"/>
    <tag k="horse" v="no"/>
    <tag k="lanes" v="3"/>
    <tag k="maxspeed" v="55 mph"/>
    <tag k="oneway" v="yes"/>
    <tag k="ref" v="I 94"/>
    <tag k="surface" v="concrete"/>
    <tag k="tiger:cfcc" v="A15"/>
    <tag k="tiger:county" v="Ramsey, MN"/>
    <tag k="tiger:name_base" v="I-94"/>
    <tag k="tiger:name_base_1" v="United States Highway 12"/>
    <tag k="unsigned_ref" v="US 12"/>
    <tag k="wikidata" v="Q94965"/>
  </way>
  <way id="1008053533">
    <nd ref="187847766"/>
    <nd ref="187847767"/>
    <nd ref="187847769"/>
    <nd ref="8200590018"/>
    <nd ref="187847747"/>
    <tag k="destination" v="White Bear Avenue"/>
    <tag k="highway" v="motorway_link"/>
    <tag k="junction:ref" v="245"/>
    <tag k="lanes" v="2"/>
    <tag k="oneway" v="yes"/>
    <tag k="tiger:cfcc" v="A63"/>
    <tag k="tiger:county" v="Ramsey, MN"/>
    <tag k="turn:lanes" v="left|right"/>
  </way>
  <way id="1013745889">
    <nd ref="6978577225"/>
    <nd ref="9106399447"/>
    <nd ref="6978577226"/>
    <nd ref="9106399448"/>
    <nd ref="11279830120"/>
    <tag k="destination" v="Kellogg Boulevard;Mounds Boulevard"/>
    <tag k="destination:ref" v="US 61 North"/>
    <tag k="highway" v="motorway_link"/>
    <tag k="lanes" v="1"/>
    <tag k="oneway" v="yes"/>
    <tag k="ref" v="US 61"/>
    <tag k="tiger:cfcc" v="A63"/>
    <tag k="tiger:county" v="Ramsey, MN"/>
  </way>
  <way id="1013745890">
    <nd ref="9352831061"/>
    <nd ref="6978577225"/>
    <tag k="destination" v="Mounds Boulevard;Kellogg Boulevard"/>
    <tag k="destination:lanes" v="Mounds Boulevard South|Kellogg Boulevard|Mounds Boulevard"/>
    <tag k="destination:ref" v="US 61 North"/>
    <tag k="highway" v="motorway_link"/>
    <tag k="junction:ref" v="243"/>
    <tag k="lanes" v="3"/>
    <tag k="oneway" v="yes"/>
    <tag k="ref" v="US 61"/>
    <tag k="surface" v="concrete"/>
    <tag k="turn:lanes" v="left||"/>
  </way>
  <way id="1013747049">
    <nd ref="9352845584"/>
    <nd ref="187871944"/>
    <nd ref="12381790016"/>
    <tag k="bicycle" v="no"/>
    <tag k="destination:lanes" v="||Century Avenue|North McKnight Road"/>
    <tag k="foot" v="no"/>
    <tag k="hgv" v="designated"/>
    <tag k="highway" v="motorway"/>
    <tag k="horse" v="no"/>
    <tag k="lanes" v="4"/>
    <tag k="maxspeed" v="55 mph"/>
    <tag k="oneway" v="yes"/>
    <tag k="ref" v="I 94"/>
    <tag k="tiger:cfcc" v="A15"/>
    <tag k="tiger:county" v="Ramsey, MN"/>
    <tag k="tiger:name_base" v="I-94"/>
    <tag k="tiger:name_base_1" v="United States Highway 12"/>
    <tag k="turn:lanes" v="|||right"/>
    <tag k="unsigned_ref" v="US 12"/>
    <tag k="wikidata" v="Q94965"/>
  </way>
  <way id="1013750386">
    <nd ref="187871950"/>
    <nd ref="8891572625"/>
    <nd ref="187871952"/>
    <nd ref="8891572626"/>
    <nd ref="8891572627"/>
    <nd ref="8891572628"/>
    <nd ref="8891572629"/>
    <nd ref="187871954"/>
    <nd ref="187847623"/>
    <tag k="bicycle" v="no"/>
    <tag k="foot" v="no"/>
    <tag k="hgv" v="designated"/>
    <tag k="highway" v="motorway"/>
    <tag k="horse" v="no"/>
    <tag k="lanes" v="3"/>
    <tag k="maxspeed" v="55 mph"/>
    <tag k="oneway" v="yes"/>
    <tag k="ref" v="I 94"/>
    <tag k="surface" v="concrete"/>
    <tag k="tiger:cfcc" v="A15"/>
    <tag k="tiger:county" v="Ramsey, MN"/>
    <tag k="tiger:name_base" v="I-94"/>
    <tag k="tiger:name_base_1" v="United States Highway 12"/>
    <tag k="unsigned_ref" v="US 12"/>
    <tag k="wikidata" v="Q94965"/>
  </way>
  <way id="1013750387">
    <nd ref="187850189"/>
    <nd ref="187871965"/>
    <nd ref="187871966"/>
    <nd ref="187871967"/>
    <nd ref="8891572637"/>
    <nd ref="8891572638"/>
    <nd ref="491175620"/>
    <tag k="bicycle" v="no"/>
    <tag k="foot" v="no"/>
    <tag k="hgv" v="designated"/>
    <tag k="highway" v="motorway"/>
    <tag k="horse" v="no"/>
    <tag k="lanes" v="3"/>
    <tag k="maxspeed" v="55 mph"/>
    <tag k="oneway" v="yes"/>
    <tag k="ref" v="I 94"/>
    <tag k="tiger:cfcc" v="A15"/>
    <tag k="tiger:county" v="Ramsey, MN"/>
    <tag k="tiger:name_base" v="I-94"/>
    <tag k="tiger:name_base_1" v="United States Highway 12"/>
    <tag k="unsigned_ref" v="US 12"/>
    <tag k="wikidata" v="Q94965"/>
  </way>
  <way id="1014336806">
    <nd ref="558551369"/>
    <nd ref="187846357"/>
    <tag k="bicycle" v="no"/>
    <tag k="destination:lanes" v="||none;McKnight Road"/>
    <tag k="foot" v="no"/>
    <tag k="hgv" v="designated"/>
    <tag k="highway" v="motorway"/>
    <tag k="horse" v="no"/>
    <tag k="lanes" v="3"/>
    <tag k="maxspeed" v="55 mph"/>
    <tag k="oneway" v="yes"/>
    <tag k="ref" v="I 94"/>
    <tag k="turn:lanes" v="||through;slight_right"/>
    <tag k="unsigned_ref" v="US 12"/>
  </way>
  <way id="1016096083">
    <nd ref="9372455954"/>
    <nd ref="759800484"/>
    <nd ref="8891572642"/>
    <nd ref="8891572643"/>
    <nd ref="8891572644"/>
    <nd ref="8891572645"/>
    <nd ref="8891572646"/>
    <nd ref="2674288818"/>
    <nd ref="8891572647"/>
    <nd ref="12472858809"/>
    <nd ref="187850200"/>
    <tag k="destination" v="Century Avenue"/>
    <tag k="destination:ref" v="MN 120"/>
    <tag k="highway" v="motorway_link"/>
    <tag k="junction:ref" v="247"/>
    <tag k="lanes" v="2"/>
    <tag k="oneway" v="yes"/>
    <tag k="tiger:cfcc" v="A63"/>
    <tag k="tiger:county" v="Washington, MN;Ramsey, MN"/>
    <tag k="turn:lanes" v="left|none"/>
  </way>
  <way id="1021848565">
    <nd ref="9424579839"/>
    <nd ref="9424579830"/>
    <nd ref="1800566325"/>
    <nd ref="7186059519"/>
    <nd ref="7186059485"/>
    <nd ref="7186059431"/>
    <nd ref="1763306840"/>
    <nd ref="7186059473"/>
    <nd ref="7186059458"/>
    <nd ref="2291969933"/>
    <nd ref="2291969936"/>
    <nd ref="2291969937"/>
    <tag k="bicycle" v="no"/>
    <tag k="destination" v="7th Street"/>
    <tag k="destination:ref" v="MN 5"/>
    <tag k="foot" v="no"/>
    <tag k="highway" v="motorway_link"/>
    <tag k="lanes" v="1"/>
    <tag k="maxspeed:advisory" v="30 mph"/>
    <tag k="oneway" v="yes"/>
    <tag k="source" v="gps"/>
  </way>
  <way id="1024434923">
    <nd ref="7186059446"/>
    <nd ref="9424579837"/>
    <tag k="NHS" v="yes"/>
    <tag k="bicycle" v="no"/>
    <tag k="bridge" v="yes"/>
    <tag k="bridge:name" v="Lafayette Bridge"/>
    <tag k="destination:ref:lanes" v="I 94 East;US 10 East|I 94 West;US 10 West|MN 5"/>
    <tag k="destination:ref:to:lanes" v="|I 35 E|"/>
    <tag k="destination:street:lanes" v="||7th Street"/>
    <tag k="foot" v="no"/>
    <tag k="hgv" v="designated"/>
    <tag k="hgv:national_network" v="yes"/>
    <tag k="highway" v="motorway"/>
    <tag k="lanes" v="3"/>
    <tag k="layer" v="1"/>
    <tag k="maxspeed:advisory" v="30 mph"/>
    <tag k="name" v="Lafayette Freeway"/>
    <tag k="name:etymology:wikidata" v="Q186652"/>
    <tag k="oneway" v="yes"/>
    <tag k="ref" v="US 52"/>
    <tag k="source:hgv:national_network" v="Title 23: Highways Part 658 http://ecfr.gpoaccess.gov/cgi/t/text/text-idx?c=ecfr&amp;rgn=div5&amp;view=text&amp;node=23:1.0.1.7.33&amp;idno=23"/>
    <tag k="start_date" v="2015"/>
    <tag k="surface" v="paved"/>
    <tag k="turn:lanes" v="none|none|slight_right"/>
    <tag k="wikidata" v="Q6471357"/>
    <tag k="wikipedia" v="en:Lafayette Bridge"/>
  </way>
  <way id="1041078900">
    <nd ref="187850204"/>
    <nd ref="7157042941"/>
    <nd ref="188463333"/>
    <nd ref="9584955770"/>
    <tag k="destination:ref" v="I 94 East"/>
    <tag k="highway" v="motorway_link"/>
    <tag k="lanes" v="2"/>
    <tag k="oneway" v="yes"/>
  </way>
  <way id="1051010179">
    <nd ref="2292977517"/>
    <nd ref="2292977515"/>
    <tag k="NHS" v="yes"/>
    <tag k="bicycle" v="no"/>
    <tag k="destination" v="Rochester"/>
    <tag k="destination:ref" v="US 52"/>
    <tag k="foot" v="no"/>
    <tag k="hgv" v="designated"/>
    <tag k="hgv:national_network" v="yes"/>
    <tag k="highway" v="motorway"/>
    <tag k="lanes" v="3"/>
    <tag k="maxspeed" v="55 mph"/>
    <tag k="name" v="Lafayette Freeway"/>
    <tag k="name:etymology:wikidata" v="Q186652"/>
    <tag k="noref" v="yes"/>
    <tag k="oneway" v="yes"/>
    <tag k="source:hgv:national_network" v="Title 23: Highways Part 658 http://ecfr.gpoaccess.gov/cgi/t/text/text-idx?c=ecfr&amp;rgn=div5&amp;view=text&amp;node=23:1.0.1.7.33&amp;idno=23"/>
    <tag k="surface" v="asphalt"/>
  </way>
  <way id="1051832646">
    <nd ref="187871774"/>
    <nd ref="493753707"/>
    <tag k="bicycle" v="no"/>
    <tag k="bridge" v="yes"/>
    <tag k="foot" v="no"/>
    <tag k="hgv" v="designated"/>
    <tag k="highway" v="motorway"/>
    <tag k="lanes" v="4"/>
    <tag k="layer" v="1"/>
    <tag k="maxspeed" v="55 mph"/>
    <tag k="oneway" v="yes"/>
    <tag k="ref" v="I 94;US 10;US 12"/>
    <tag k="tiger:county" v="Ramsey, MN"/>
    <tag k="unsigned_ref" v="US 12"/>
    <tag k="wikidata" v="Q94965"/>
    <tag k="wikidata_1" v="Q406876"/>
  </way>
  <way id="1052938850">
    <nd ref="961069448"/>
    <nd ref="13044384788"/>
    <nd ref="13044384789"/>
    <nd ref="13044384790"/>
    <nd ref="961069651"/>
    <nd ref="961069653"/>
    <tag k="bicycle" v="no"/>
    <tag k="bridge" v="yes"/>
    <tag k="foot" v="no"/>
    <tag k="hgv" v="designated"/>
    <tag k="highway" v="motorway"/>
    <tag k="horse" v="no"/>
    <tag k="lanes" v="3"/>
    <tag k="layer" v="2"/>
    <tag k="official_name" v="34th Infantry (Red Bull) Division Highway"/>
    <tag k="oneway" v="yes"/>
    <tag k="ref" v="I 35E"/>
    <tag k="sidewalk:both" v="no"/>
    <tag k="tiger:cfcc" v="A15"/>
    <tag k="tiger:county" v="Ramsey, MN"/>
    <tag k="tiger:name_base" v="I-35E"/>
  </way>
  <way id="1057081701">
    <nd ref="188463337"/>
    <nd ref="11998277187"/>
    <tag k="bicycle" v="no"/>
    <tag k="foot" v="no"/>
    <tag k="hgv" v="designated"/>
    <tag k="highway" v="motorway"/>
    <tag k="horse" v="no"/>
    <tag k="lanes" v="4"/>
    <tag k="maxspeed" v="55 mph"/>
    <tag k="oneway" v="yes"/>
    <tag k="ref" v="I 94"/>
    <tag k="unsigned_ref" v="US 12"/>
    <tag k="wikidata" v="Q94965"/>
  </way>
  <way id="1077665160">
    <nd ref="6900818851"/>
    <nd ref="759800524"/>
    <tag k="highway" v="motorway_link"/>
    <tag k="lanes" v="2"/>
    <tag k="oneway" v="yes"/>
  </way>
  <way id="1081157134">
    <nd ref="9909574664"/>
    <nd ref="466322939"/>
    <tag k="destination" v="Saint Paul"/>
    <tag k="destination:ref" v="I 94 West"/>
    <tag k="highway" v="motorway_link"/>
    <tag k="lanes" v="1"/>
    <tag k="oneway" v="yes"/>
    <tag k="tiger:cfcc" v="A63"/>
    <tag k="tiger:county" v="Washington, MN"/>
  </way>
  <way id="1121912463">
    <nd ref="13044585330"/>
    <nd ref="961116448"/>
    <tag k="bicycle" v="no"/>
    <tag k="foot" v="no"/>
    <tag k="hgv" v="designated"/>
    <tag k="highway" v="motorway"/>
    <tag k="horse" v="no"/>
    <tag k="lanes" v="6"/>
    <tag k="maxspeed" v="55 mph"/>
    <tag k="oneway" v="yes"/>
    <tag k="ref" v="I 35E;I 94"/>
    <tag k="unsigned_ref" v="US 12;US 52"/>
  </way>
  <way id="1169007935">
    <nd ref="961069997"/>
    <nd ref="961070000"/>
    <nd ref="961069813"/>
    <tag k="destination:ref" v="I 35E North;US 10 West"/>
    <tag k="highway" v="motorway_link"/>
    <tag k="lanes" v="1"/>
    <tag k="oneway" v="yes"/>
    <tag k="tiger:cfcc" v="A63"/>
    <tag k="tiger:county" v="Ramsey, MN"/>
  </way>
  <way id="1217373872">
    <nd ref="6978577225"/>
    <nd ref="11279830119"/>
    <tag k="destination" v="Mounds Boulevard South"/>
    <tag k="highway" v="motorway_link"/>
    <tag k="lanes" v="1"/>
    <tag k="oneway" v="yes"/>
    <tag k="surface" v="concrete"/>
  </way>
  <way id="1217373873">
    <nd ref="11279830120"/>
    <nd ref="9106398991"/>
    <tag k="destination" v="Kellogg Boulevard;Mounds Boulevard"/>
    <tag k="destination:ref" v="US 61 North"/>
    <tag k="highway" v="motorway_link"/>
    <tag k="lanes" v="2"/>
    <tag k="oneway" v="yes"/>
    <tag k="ref" v="US 61"/>
    <tag k="surface" v="asphalt"/>
  </way>
  <way id="1294651115">
    <nd ref="11998277187"/>
    <nd ref="11998277188"/>
    <nd ref="188514013"/>
    <nd ref="8195823866"/>
    <nd ref="188514000"/>
    <tag k="bicycle" v="no"/>
    <tag k="foot" v="no"/>
    <tag k="hgv" v="designated"/>
    <tag k="highway" v="motorway"/>
    <tag k="horse" v="no"/>
    <tag k="lanes" v="4"/>
    <tag k="maxspeed" v="55 mph"/>
    <tag k="oneway" v="yes"/>
    <tag k="ref" v="I 94"/>
    <tag k="unsigned_ref" v="US 12"/>
    <tag k="wikidata" v="Q94965"/>
  </way>
  <way id="1338550938">
    <nd ref="12381800733"/>
    <nd ref="1068314145"/>
    <tag k="bicycle" v="no"/>
    <tag k="bridge" v="yes"/>
    <tag k="destination:lanes" v="Mounds Boulevard;none|none|none|none|none"/>
    <tag k="foot" v="no"/>
    <tag k="hgv" v="designated"/>
    <tag k="highway" v="motorway"/>
    <tag k="lanes" v="5"/>
    <tag k="layer" v="1"/>
    <tag k="maxspeed" v="55 mph"/>
    <tag k="oneway" v="yes"/>
    <tag k="ref" v="I 94;US 10;US 12"/>
    <tag k="tiger:county" v="Ramsey, MN"/>
    <tag k="turn:lanes" v="slight_left;through|none|none|none|none"/>
    <tag k="unsigned_ref" v="US 12"/>
    <tag k="wikidata" v="Q94965"/>
    <tag k="wikidata_1" v="Q406876"/>
  </way>
  <way id="1338552163">
    <nd ref="12381790016"/>
    <nd ref="187871946"/>
    <tag k="bicycle" v="no"/>
    <tag k="bridge" v="yes"/>
    <tag k="destination:lanes" v="||Century Avenue|North McKnight Road"/>
    <tag k="foot" v="no"/>
    <tag k="hgv" v="designated"/>
    <tag k="highway" v="motorway"/>
    <tag k="horse" v="no"/>
    <tag k="lanes" v="4"/>
    <tag k="layer" v="1"/>
    <tag k="maxspeed" v="55 mph"/>
    <tag k="oneway" v="yes"/>
    <tag k="ref" v="I 94"/>
    <tag k="tiger:cfcc" v="A15"/>
    <tag k="tiger:county" v="Ramsey, MN"/>
    <tag k="tiger:name_base" v="I-94"/>
    <tag k="tiger:name_base_1" v="United States Highway 12"/>
    <tag k="turn:lanes" v="|||right"/>
    <tag k="unsigned_ref" v="US 12"/>
    <tag k="wikidata" v="Q94965"/>
  </way>
  <way id="1341975308">
    <nd ref="6779270775"/>
    <nd ref="12414091895"/>
    <tag k="bridge" v="yes"/>
    <tag k="destination" v="University Avenue"/>
    <tag k="highway" v="motorway_link"/>
    <tag k="junction:ref" v="107C"/>
    <tag k="layer" v="1"/>
    <tag k="oneway" v="yes"/>
  </way>
  <way id="1341975309">
    <nd ref="12414091897"/>
    <nd ref="6779270765"/>
    <tag k="bicycle" v="no"/>
    <tag k="destination:lanes" v="none|Wacouta Street|10th Street;none|none|none"/>
    <tag k="foot" v="no"/>
    <tag k="hgv" v="designated"/>
    <tag k="highway" v="motorway"/>
    <tag k="horse" v="no"/>
    <tag k="lanes" v="5"/>
    <tag k="official_name" v="34th Infantry (Red Bull) Division Highway"/>
    <tag k="oneway" v="yes"/>
    <tag k="ref" v="I 35E"/>
    <tag k="turn:lanes" v="slight_left|slight_left|slight_left;through|none|slight_right"/>
  </way>
  <way id="1419530356">
    <nd ref="13044384792"/>
    <nd ref="13044384791"/>
    <tag k="bicycle" v="no"/>
    <tag k="foot" v="no"/>
    <tag k="hgv" v="designated"/>
    <tag k="highway" v="motorway"/>
    <tag k="horse" v="no"/>
    <tag k="lanes" v="5"/>
    <tag k="official_name" v="34th Infantry (Red Bull) Division Highway"/>
    <tag k="oneway" v="yes"/>
    <tag k="ref" v="I 35E;US 10"/>
    <tag k="sidewalk:both" v="no"/>
  </way>
  <way id="1419530368">
    <nd ref="961086473"/>
    <nd ref="13044585332"/>
    <nd ref="13044585330"/>
    <tag k="bicycle" v="no"/>
    <tag k="foot" v="no"/>
    <tag k="hgv" v="designated"/>
    <tag k="highway" v="motorway"/>
    <tag k="horse" v="no"/>
    <tag k="lanes" v="5"/>
    <tag k="maxspeed" v="55 mph"/>
    <tag k="oneway" v="yes"/>
    <tag k="ref" v="I 35E;I 94"/>
    <tag k="unsigned_ref" v="US 12;US 52"/>
  </way>
  <way id="1419530369">
    <nd ref="13044585339"/>
    <nd ref="13044585340"/>
    <nd ref="961115981"/>
    <tag k="destination:ref:to" v="I 94 West"/>
    <tag k="highway" v="motorway_link"/>
    <tag k="lanes" v="2"/>
    <tag k="oneway" v="yes"/>
  </way>
  <way id="1485587521">
    <nd ref="13619524330"/>
    <nd ref="187871859"/>
    <nd ref="187871861"/>
    <nd ref="2960204983"/>
    <nd ref="2960204989"/>
    <nd ref="187871863"/>
    <nd ref="187871865"/>
    <tag k="bicycle" v="no"/>
    <tag k="foot" v="no"/>
    <tag k="hgv" v="designated"/>
    <tag k="highway" v="motorway"/>
    <tag k="horse" v="no"/>
    <tag k="lanes" v="5"/>
    <tag k="maxspeed" v="55 mph"/>
    <tag k="oneway" v="yes"/>
    <tag k="ref" v="I 94;US 10;US 61"/>
    <tag k="surface" v="concrete"/>
    <tag k="tiger:cfcc" v="A15"/>
    <tag k="tiger:county" v="Ramsey, MN"/>
    <tag k="tiger:name_base" v="I-94"/>
    <tag k="tiger:name_base_1" v="United States Highway 12"/>
    <tag k="turn:lanes" v="|||slight_right|slight_right"/>
    <tag k="unsigned_ref" v="US 12"/>
    <tag k="wikidata" v="Q94965"/>
    <tag k="wikidata_1" v="Q406876"/>
    <tag k="wikidata_2" v="Q4817597"/>
  </way>

</osm>
